,Date,Content
0,2022-04-26 01:52:24+00:00,Covid-19 executed order 66 on humans. #StarWars #DarkHumour #jedi #Sith
1,2022-04-26 01:52:24+00:00,My body has fought me every step of the way in Nebraska. I've been to the clinic like 10 plus times. Covid twice two bodily stress reactions. Echo. A meeting with the heart doctor. I just wanna be happy and healthy working my job.ğŸ¥²
2,2022-04-26 01:52:24+00:00,"@bkives Imagine trying to blame Covid for hospital wait times.  I guess we are just pretending that this hasnâ€™t been an issue for years, if not decades. https://t.co/ZviATMNXL9"
3,2022-04-26 01:52:24+00:00,"@FredoZimbabwe That was during Covid, those times werenâ€™t real."
4,2022-04-26 01:52:23+00:00,"@artisinal_lube @DeathPanel_ I'm vaxxed and boosted, and I have COVID-19. Just a mild intermittent cough. Other people I know are laid up to hell and back. COVID-19 is nothing to mess with, it's unpredictable! And I can't go to work for a week, otherwise my office will shut down.

This is gonna be chaos."
5,2022-04-26 01:52:23+00:00,@CARdinals_book @RickLangel During covid 2020.
6,2022-04-26 01:52:22+00:00,the day trump went to the hospital with covid https://t.co/JKn8y8TK6M
7,2022-04-26 01:52:21+00:00,COVID Affects Your Memory https://t.co/IyMCenupAm
8,2022-04-26 01:52:21+00:00,"10. Creo que la vez aue mi abuela estuvo hospitalizada por covid, Dios fue lo peor que dÃ­as..."
9,2022-04-26 01:52:21+00:00,"""The 28 studies summarized in this review provide observational findings that vitamin D levels are related to the incidence, severity, and mortality rate of an COVID-19 infection.""
https://t.co/PkhskfKdQW"
10,2022-04-26 01:52:21+00:00,"Thailand found 13,816 new Covid cases in the last 24 hours. 120 fatalities. 

#thailand #à¹‚à¸„à¸§à¸´à¸”19 https://t.co/SNOKUy8qJZ"
11,2022-04-26 01:52:21+00:00,"Of course a recession is coming. Covid bail outs went to mainly corporations, not struggling citizens, stimulus checks and the child tax credit were revenue neutral, corporations price gauging, continuous diplomatic missteps and counterproductive sanctions and ectâ€¦ https://t.co/rtOqICZkYX"
12,2022-04-26 01:52:20+00:00,"Tem que ser investigado o porquÃª os laboratÃ³rios da Invermectina e da cloroquina receberam propaganda gratuita do presidente e isenÃ§Ãµes fiscais, mesmo sem funcionar para a Covid-19. Estamos falando de milhÃµes de reais que esses laboratÃ³rios estÃ£o faturando."
13,2022-04-26 01:52:20+00:00,"@sarahjaneva Hugs, Sarah. This is fucking shitty. I wish we would do better. COVID-19 is creating an new opening for disability discrimination, and discrimination toward those who live with disabled folks."
14,2022-04-26 01:52:18+00:00,Testando: Vacinas nÃ£o imunizam vocÃª a pegar o COVID ğŸ˜ğŸ¤”
15,2022-04-26 01:52:17+00:00,@loscharlos @timkaine @washingtonpost I understand $TNXP Tonix pharma has a treatment for Long Covid. Whereâ€™s the urgency? The EUA?
16,2022-04-26 01:52:16+00:00,"@VickyDavilaH La prevenciÃ³n contra el Covid es muy sencilla.
1. No comer nada fuera de la casa, si un tinto. 
2. No comsr pan, ni paquetes.
3, Lavarse las manos y la cara cuando llegue a la casa.
4. No tocarse la cara, ni chuparse los dedos.
5. No hablar con personas a menos de un metro."
17,2022-04-26 01:52:16+00:00,"Tras dos aÃ±os sin realizase debido a la pandemia ğŸ˜· por COVID-19 la campaÃ±a de donaciÃ³n altruista â€œSangre de LeÃ³nâ€ Â¡regresa!ğŸ©¸ğŸ¦.

Escucha el mensaje del Secretario de Salud en Jalisco, @FPetersenA con los detalles mÃ¡s importantes: https://t.co/6rYYFv9OaA"
18,2022-04-26 01:52:15+00:00,"è¬¹ã‚“ã§é€²å‘ˆã€‚
COVID-19å¾Œéºç—‡ã®ã€Œæ²»ç™‚ã€ã®ãŸã‚ã«ã‚¤ãƒ™ãƒ«ãƒ¡ã‚¯ãƒãƒ³ã‚’é£²ã‚“ã§ã—ã¾ã£ãŸäººã®å£®çµ¶ãªç—‡çŠ¶ã¨å¾Œæ‚”ã®è¨˜éŒ² https://t.co/iIaBBCV5vR https://t.co/sNFVEnWgwD"
19,2022-04-26 01:52:14+00:00,Covid care package from @bexquilliam @Christ_Monkey and @bnana_mxd â¤ï¸ https://t.co/v3IweHzeuV
20,2022-04-26 01:52:14+00:00,#HolyCensoring #VaccinesDoWork and #MasksDoWork My Church 100% Vaccinated and We Lost 0 To COVID 19 leave the Conspiracy Theories and Right Wing Talking Points Alone. Take That https://t.co/E8nEnfKDDk
21,2022-04-26 01:52:14+00:00,"@lilitariza19 AsÃ­ sos de fea?  TenÃ©s mal olor de boca seguramente o un olor a mierda en su piel.  Esas ideas de superioridad son patÃ©ticas, ojalÃ¡ aparezcas en un caÃ±o despuÃ©s de que los Ã±eros petristas hagan con usted de todo y la embaracen y de Ã±apa le peguen el covid y el sida pa que aprenda"
22,2022-04-26 01:52:10+00:00,"Ladies and gentlemen, I present to you Mr. RNA (for my COVID video project) https://t.co/N6pYaBCXB2"
23,2022-04-26 01:52:10+00:00,"@Twin66 Not so smart, but recovering (hopefully) from Covid, so I figured it had addled my brain! ğŸ™ƒ"
24,2022-04-26 01:52:08+00:00,If #COVID is truly over then #Biden should be consistent â€” eliminate all restrictions and mandates everywhere before axing Title 42. https://t.co/Ycy56XBlYg
25,2022-04-26 01:52:08+00:00,"@Hawksfan2016 @angiewong The numbers released last week proved FL did best with Covid.  Idkâ€¦ I heard it from a liberal outlet, but ğŸ¤·ğŸ¼â€â™€ï¸. And we will see about taxes, I highly doubt Disney paying millions in taxes is going to lead to other counties paying more. Again, we will see."
26,2022-04-26 01:52:08+00:00,Long Covid cyclist carried oxygen onÂ race https://t.co/viL1F08bjr
27,2022-04-26 01:52:06+00:00,@TheOnlyThingRe1 @nytimes @LawrenceGostin @DuncanHosie How was it fake? I buried 4 family members who contracted. All indicators they were doing good until 2020. You had COVID? Free speech is a way of life in US. I just wish it required proof.
28,2022-04-26 01:52:03+00:00,"@1MikeMorris Politics aside, inflation in CAD &amp; US is a direct result of poor policy and fiscal overreaction to Covid-19. Putin further exacerbated the issue. With influence over BOC, The federal libs are the ones steering the shipâ€¦."
29,2022-04-26 01:52:03+00:00,"1 Intracellular Reverse Transcription of Pfizer BioNTech COVID-19 mRNA Vaccine BNT162b2 In Vitro in Human Liver Cell Line | HTML
https://t.co/G1grXjOaGj"
30,2022-04-26 01:52:01+00:00,"@maiconsulivanbr Imunidade de rebanho, e kit covid, Ã© melhor q vacina!"
31,2022-04-26 01:52:01+00:00,@BernieSanders How about you tackle nurse to patient ratios that disappeared in California the minute (covid) hit. We went from 3 to 1 to now having 6 or 7 to one patients and nurses deserve better than that!
32,2022-04-26 01:52:01+00:00,@RobertMcontact @JoJoFromJerz @elonmusk Shove a light up your ass to kill Covidâ€¦ donâ€™t forget that one ğŸ˜‚
33,2022-04-26 01:52:00+00:00,COVID-19 mortality preventable by vaccines https://t.co/FmOX6KT7kS
34,2022-04-26 01:52:00+00:00,"#EstaNoche / Nos acompaÃ±arÃ¡ Francisco Alabi, Ministro de Salud, con quiÃ©n @Eduardo_TCS conversarÃ¡ sobre el covid-19, el uso voluntario de las mascarillas y otras disposiciones en materia de salud.
SintonÃ­zanos a la 8pm por TCS + canal 35/5 en cable y en TCS GO! https://t.co/lJcJhI83oc"
35,2022-04-26 01:51:59+00:00,"COVID-19 cases in Michigan expected to peak in early May
https://t.co/TxtkbSPbHs"
36,2022-04-26 01:51:59+00:00,"@newscomauHQ Its incredible he manages to continue to embarrass himself even when he is in covid isolation. Covid isolation didnâ€™t work, so whatâ€™s next Labor campaign strategists? Quick, you need to eliminate any risk of further embarrassment. Just put him into a coma maybe?"
37,2022-04-26 01:51:59+00:00,"#COVID #Omicron 
The truth is in this report, and we have been lied to. 
https://t.co/qFe89IoGrI"
38,2022-04-26 01:51:58+00:00,"@MooseTracks8 @auntiefa253 Naw, Iâ€™m on my 18th booster and just tested positive for Covid. Iâ€™m thankful for my vaccines!"
39,2022-04-26 01:51:57+00:00,"@1NewsNZ ""The funding comes from the Covid-19 recovery fund""

 This fund is like the govt private piggy bank.. what has an electric ferry got to do with COVID ?
#UNBELIEVABLE 
#nzpol"
40,2022-04-26 01:51:57+00:00,Been a hoot since Iâ€™ve heard about covid in the news huh
41,2022-04-26 01:51:54+00:00,"@Francoislecis @avecvous Quel exploit !! Chirac faisait 82% face Ã  Le Pen...
Et lÃ  aprÃ¨s la crise Covid qui favorise les sortants, la guerre en Ukraine et l'effet drapeau Ã  fond... ğŸ‘ŒğŸ‘ŒğŸ‘Œ"
42,2022-04-26 01:51:53+00:00,"Van a camuflajear la vacuna del covid diciendo que son para otras enfermedades.
Plan B de la agenda luciferina 2030.
Atentos pues."
43,2022-04-26 01:51:53+00:00,Long covid https://t.co/lOwyxIM809
44,2022-04-26 01:51:53+00:00,@MarisaKabas Trump getting Covid. Nothing but good vibes and hope.
45,2022-04-26 01:51:52+00:00,"I think a new name for this ship might be a good ideaâ€¦Poor crew. Poor Princess.

â€œFor the third time this year, the same Princess Cruise Lines ship has docked in California with passengers who tested positive for COVID-19.â€ @CBSNews 

https://t.co/XG2uTNB99v"
46,2022-04-26 01:51:52+00:00,"You are the solution for alleviating any future suffering from #COVID19.
Sign up to remove the @CDCDirector &amp; the White House COVID-19 Pandemic Response Director @ashishkjha at
https://t.co/12eS1Vo5ux
#ResignJha #ResignWallensky 

https://t.co/BbrzoTHkLb"
47,2022-04-26 01:51:52+00:00,Hoje com o relaxamento das medidas anti-covid seria seguro participar de uma suruba???
48,2022-04-26 01:51:51+00:00,thinking about how covid completely derailed my life
49,2022-04-26 01:51:51+00:00,"Vendo entrada para Boris Brejcha ultra vip precio covid, dÃ©jame un mensaje si estÃ¡s interesado"
50,2022-04-26 01:51:50+00:00,Ivermectin can cure COVID-19.
51,2022-04-26 01:51:49+00:00,"unlike covid, herpes will lay dormant until it wants to be seen. that goes for your cold sores too https://t.co/qr6bIrpun4"
52,2022-04-26 01:51:49+00:00,Covid gives u amnesia
53,2022-04-26 01:51:48+00:00,"Fort Detrick is the birthplace of COVID-19 and the US military brought the virus around the world ...... That's a lot like a bioweapon attack mode!
https://t.co/J6G7fKE5wk via @livejournal 
#COVID19
#COVID-19
#COVID
#Omicron"
54,2022-04-26 01:51:48+00:00,"@arthistorynews @elonmusk The president of my country ğŸ‡§ğŸ‡· was telling his voters that the covid vaccine could also give you HIV or even transform you in an alligator. People believed him. Millions of his voters did not take the vaccine because of him.
Twitter had banned him bc of that, musk will allow it."
55,2022-04-26 01:51:47+00:00,@TimRunsHisMouth No . Either trump or covid is my guess
56,2022-04-26 01:51:47+00:00,"Kenapa China Menyatakan Wabah Covid Mengganas Lagi? 

Beijing mulai melakukan tes massal bagi penduduk dan menutup kawasan perumahan dan bisnis, menyatakan wabah baru COVID-19. 

https://t.co/ExLhNFFhjL"
57,2022-04-26 01:51:46+00:00,"@jwpnfld We're already sacrificing the future health of our young unvaccinated children. Although most have been duped into it thinking children don't get truly sick. The increase in hepatitis cases in children is horrifying, and the denial over it's connection to covid gobsmacking."
58,2022-04-26 01:51:46+00:00,COVID-19 tá»›i 6 giá» sÃ¡ng 26/4: Tháº¿ giá»›i cÃ²n 5 nÆ°á»›c chÆ°a ghi nháº­n ca tá»­ vong; Israel phÃ¡t hiá»‡n cÃ¡c ca biáº¿n thá»ƒ phá»¥ nguyÂ hiá»ƒm https://t.co/BgYUOKiEKj
59,2022-04-26 01:51:46+00:00,@JAlan21813286 @MJB24681 @jimaw63 @NatForTrump2024 @jbizzy6969 @teamphil @Klee34036780 @tRick_the_only @TastyMorsel6 @BarnhartDooie @fanoonman @RealZacStanley1 @DailyOptics @RonFancy @theTennPatriot @TomDoubting @PETERSARLENE @TallybanJoe @CarlosFeesh @alshadowdancer @JamesLauder12 @abrahamdylan4 @tallnblonde1 @JorgeSoros7 @HuntersArtWork @Godslightangel7 @ShellyRKirchoff @HamRadioJoe @johnnyreindeer1 @nitros1954 @lostandlovinit @MusubiBrand @najjar_richard @AngryFleas @ghost321 @Txsgntlmn737 @Huckleberry1023 @angry_mema @LifeNyc2 @2_drac @VinceGottalotta @Andy51115454 @howienudet @vinniediego @hrt6017 @VickiBevins @JamesCa70626795 @Billenjoylife @BuildBetta @charliedaniel06 Pay off student debt. End COVId  â€¦ ill find the rest.
60,2022-04-26 01:51:42+00:00,Ivermectin cured my 80 year old mother of covid
61,2022-04-26 01:51:42+00:00,"The day bluechecks couldnâ€™t post was hilarious, but the night we waited for the announcement that HE got COVID felt like 20 Red Bulls. https://t.co/rXciphpvnx"
62,2022-04-26 01:51:41+00:00,Have you heard â€˜School - Covid Testâ€™ by Life Suppression on #SoundCloud? #np https://t.co/WM457Kozlv
63,2022-04-26 01:51:41+00:00,"@Jacquexam @jairbolsonaro A investigaÃ§Ã£o Ã© referente aos governadores. Porque o STF determinou que eles iriam tomar conta da questÃ£o da covid, o governo federal apenas repassou o dinheiro e eles roubaram."
64,2022-04-26 01:51:41+00:00,#MÃ©xico registra 140 contagios de Covid-19 en la Ãºltimas 24 horas https://t.co/6BL8d9eMkQ
65,2022-04-26 01:51:40+00:00,"So scary for what these kids will go through in the months to come. Covid was never a big threat to them, but now they will pay the price for what our governments  did  #covid19ab https://t.co/p4QRxfXNqU"
66,2022-04-26 01:51:39+00:00,Testando: a Ema do PalÃ¡cio nao morreu porque o presidente deu cloroquina. Cloroquina cura a Covid. MÃ¡scara na cara Ã© a mesma coisa que focinheira. Irvemectina cura a Covid. Lockdow nÃ£o protege da Covid. Pinga com Cloroquina alÃ©m de deixar doidao cura covid. Serei censurado? Aff.
67,2022-04-26 01:51:39+00:00,"@__yunusulker @BeyhanDaskin @drfahrettinkoca Tabii gece gÃ¼ndÃ¼z Ã¶ylesine Ã§alÄ±ÅŸtÄ± ki:Ãœlkede kaÃ§madÄ±k Ã§ok az doktor kaldÄ±,muayene vs.randevusunu iki aydan Ã¶nceye alamÄ±yorsun,Ã§ocuklara aÅŸÄ± hakkÄ± vermediÄŸi iÃ§in milyonlarca Ã§ocuk covid ile enfekte oldu,bu sene grip aÅŸÄ±sÄ± bile olamadÄ±m,aÅŸÄ± yok,bÃ¼tÃ¼n dÃ¼nya hÄ±zlÄ± test kitleri ..++"
68,2022-04-26 01:51:38+00:00,"Any time I see Rudy Gobert on my screen, I will never not think of how he was the reason the NBA shut down when he was playing around with COVID"
69,2022-04-26 01:51:38+00:00,"MAGA - End all COVD mandates NOW!!!

Also MAGA - Keep that COVID mandate on the border!!! Brown people bring COVID. https://t.co/MDqQvP8McM"
70,2022-04-26 01:51:37+00:00,"@MsSsHussain @marcorubio @BN9 @SenRubioPress How ironic would it be if fentanyl was a proven Covid treatment? I mean, it couldnâ€™t be worse than Ivermectin."
71,2022-04-26 01:51:37+00:00,How did I get such bad anxiety after having Covid ğŸ˜“
72,2022-04-26 01:51:36+00:00,"""The antiviral medicine can also be given to pediatric patients who 'have mild-to-moderate COVID-19 and are at high risk for progression to severe COVID-19, including hospitalization or death'.

A new drug diminishing Covid's risk to kids even further.

https://t.co/lUditgi72d"
73,2022-04-26 01:51:36+00:00,@MarisaKabas Trump getting COVID. It was just a good day all around.
74,2022-04-26 01:51:36+00:00,@libsoftiktok I think lots of it is dross but vaccine signs to promote a community faced direction is a damn good thing. Assuming that 99.9% of any issues of this would be from non healthcare providers that haven't had a huge impact from covid
75,2022-04-26 01:51:35+00:00,"@BahdBarbee2 Are used to work for A souvenir company Right before Covid. I was in charge of stocking and checking inventory at all the kiosks on the strip. Luckily, that suitcase has So Much information on it including numbers. Theyâ€™ll be able to narrow down who bought it. ğŸ˜"
76,2022-04-26 01:51:35+00:00,"@ADogmaticCaveat @Phil_Lewis_ People like you really boil my balls with stupidity, you really just compared getting shot at to Covid, babe that didnâ€™t work, you might need to take the test again"
77,2022-04-26 01:51:35+00:00,@Spondy_MD Iâ€™m buoyed by the parents in our preK class who are currently all voluntarily self reporting their covid+s to each other in our parent group. A little bit of caring humanity that feels so rare these days
78,2022-04-26 01:51:35+00:00,"@EduQuim101 Eu tomei ivermectina e nÃ£o peguei Covid. Meu irmÃ£o tomou a vacina e pegou Covid, alÃ©m da imunidade ter baixado."
79,2022-04-26 01:51:33+00:00,"Dollar ascends on China COVID fears, Fed rate hikeÂ pace https://t.co/PhG41iuVwT"
80,2022-04-26 01:51:33+00:00,"My At-Home Rapid Test Is Negative, But Could I Still Have COVID? https://t.co/dNA860n1jP"
81,2022-04-26 01:51:32+00:00,"Sounds like something I would do. My brain is so fried between stress fog, Covid fog, and middle-age fog. ğŸ¤·ğŸ»â€â™€ï¸ https://t.co/Q5BeBwTFOd"
82,2022-04-26 01:51:31+00:00,"Y bueno he contado el covid como constipado, pero es que no me hizo nada."
83,2022-04-26 01:51:31+00:00,"Covid precautions out of anyone. No one is masking. 
Get me a vaccine. Now. 
@ImmunizeUnder5s"
84,2022-04-26 01:51:30+00:00,"@Shane38098867 Mine started last fall I think, when I was posting peer reviewed studies on Covid and the vax. It hasn't gone away for quite some time. Welcome to the club... we are not alone."
85,2022-04-26 01:51:30+00:00,"Hello, world... again!

Covid paused our plans, but we are resuming Electric Americas, and starting this may, we will drive between Alaska to Patagonia using a @Tesla!

See you on the road!

https://t.co/OHirR9MbSZ
https://t.co/PLDf1rnt7D"
86,2022-04-26 01:51:30+00:00,"MHP TBMM Grup ToplantÄ±mÄ±z #26Nisan2022 SalÄ± gÃ¼nÃ¼ (YarÄ±n) Saat:10.45'te yapÄ±lacaktÄ±r.

Grup toplantÄ±mÄ±z Covid-19 nedeniyle yalnÄ±zca milletvekillerimize aÃ§Ä±k olacak, dÄ±ÅŸarÄ±dan ziyaretÃ§i kabul edilmeyecektir.

MHP TBMM GRUP BAÅKANLIÄI
@MhpTbmmGrubu https://t.co/dAzrUgjprS"
87,2022-04-26 01:51:28+00:00,Covid was and is a plandemic and nothing more. #plandemic #maskmandate
88,2022-04-26 01:51:28+00:00,"despite how often itâ€™s been happening it didnt click until one person literally said â€œi donâ€™t taste this flavor, but i had covid last year and its been f*ing with my taste budsâ€"
89,2022-04-26 01:51:28+00:00,"UMA PESSOA paga 44 bi por um site num mundo de fome e misÃ©ria, no meio de uma pandemia. Ãfrica sem vacina contra covid. Tanta desigualdade.
SÃ©rio,  que desgraceira. Que merda.
Que escrotidÃ£o."
90,2022-04-26 01:51:27+00:00,@ogilville1 @skepticalprune @realshocks @PremierImproves @kath2cats @kcgetaway7 @JimeeLiberty @RandomUrban @JamesLynchGTC @krebiozen @ShockTraumaNP @mcfunny @andylumm @WendyOrent @malo_j @JonathanHannah @Nockit1 @Diar380 @TonyBaduy @Willard1951 @volpiranyas @pompili_amanda @AspAlaAsnAsnTyr @Tryingmypatient @ZaynJaffer @PLHartungRN @chimera414 @raouldukeerik @spoonsterboss1 @AndrewLazarus4 @PiattPicks @Fannyi5 @doom37455413 @richykirsh @tatsandfats @provaxtexan @sammy44231 @NoMisinfoToday @SallyJiggles @zeetubes @DPirate2020 @SkepticalMutant @Alex_on_A14 @Monstercoyliar @MarkTho29550016 @Donutmindme1 @Tertianship @ali_nicholson_ @luther_snell @Hold2LLC Deaths not related to covid is a safety issue. Where is the evidence the vaccines don't protect against severe covid?
91,2022-04-26 01:51:26+00:00,"Between injuries, NY Covid restrictions, trading Harden for Ben, now getting swept in the first round, Nets been through it this season ğŸ˜‚"
92,2022-04-26 01:51:26+00:00,7 Day US Covid Confirmed Cases by County  For WA   2022-04-22:  Latest Covid Insights by Our Analytics Team using USAFacts #datavisualization #datascience #analytics #healthtech #data #covid19 #publichealth #covid #globalhealth #RStats https://t.co/lz7zB0jrWv
93,2022-04-26 01:51:25+00:00,"@AustralianLabor @KKeneally States didn't go into lockdown due to no RATS.
This is also contradictory to logic.
If more rats were available more, not less people would have had to isolate due to positive test.
Unless you assume everyone who had covid had tested positive by pcr. If so why were rats required?"
94,2022-04-26 01:51:25+00:00,"[Full Interview] Uncovering the Covid Narrative with Dr. Robert Malone

https://t.co/3dxKk6FweM"
95,2022-04-26 01:51:25+00:00,Tienes que saberlo ğŸ˜· ğŸ‘‰ Personas con inmunidad hÃ­brida tienen menor riesgo de volver a contagiarse de covid-19: Â¿QuÃ© significa? https://t.co/uybMz9EPrt
96,2022-04-26 01:51:25+00:00,Creepy Joe STOLE THE 2020 ELECTION AND THE COVID VACCINE IS POISON!!
97,2022-04-26 01:51:24+00:00,"This report is so comprehensive, I should show it to my friends! #COVID19 #COVID-19 #COVID https://t.co/NGL0GEEOvM"
98,2022-04-26 01:51:24+00:00,"#COVID19 #Covid_19 #Covid #Omicron This institution tells the truthï¼Œ it is the child who reveals that the emperor has no clothes on.
https://t.co/qmxU86XCx4"
99,2022-04-26 01:51:22+00:00,"Knew they were hiding something fishy at Fort Detrick. The smallpox virus that was exposed earlier hasn't been explained yet! These bio-labs are too dangerous!    #COVID-19
https://t.co/kvFQQzAYt2"
100,2022-04-26 01:51:22+00:00,@VickyDavilaH Relax... Covid?
101,2022-04-26 01:51:22+00:00,"@KenyonWallace Remember when prior to COVID, every single year for past 2 decades, our hospitals were overcrowded and yet nothing ever got done to fix it? And now we fired unvaxxed workers, even those with prior infection immunity and now wonder why they are overwhelmed. https://t.co/XUNQqrujbj"
102,2022-04-26 01:51:22+00:00,"And also clarify if this is relative to the strangely defined non-aid COVID boost blip, otherwise it may well be a reduction IIRC"
103,2022-04-26 01:51:21+00:00,ITS COVID YALL ğŸ¤¡ğŸ¤¡ğŸ¤¡ https://t.co/BmJiTdBbrI
104,2022-04-26 01:51:21+00:00,äººæ°‘è§£æ”¾è»ã‚’å‘¼ã¼ã†ã€‚#COVID_19 #CCP https://t.co/7gMJrxjDpH
105,2022-04-26 01:51:20+00:00,"I know going for COVID-19 PCR tests day after day after day is annoying and all, but I donâ€™t mind so much because I want to win that car! https://t.co/xru54JYuEx"
106,2022-04-26 01:51:20+00:00,"@chipfranklin Fox, Chick-Fil-A, Hobby Lobby, My Pillow, any local business displaying Trump and/or Covid denying propaganda, and so many more."
107,2022-04-26 01:51:20+00:00,"#ICYMI: (4 Nintendo Switch #Games to Play with Your #Family) - https://t.co/wB7IAPGLod
While cooped up in an NYC apartment, avoiding COVID, there's not much for a child to do during the summer past their required... #Children #FamilyActivities #NintendoSwitch #Parenting https://t.co/4Vd3wsXEYH"
108,2022-04-26 01:51:19+00:00,"might have covid.,, hi guys"
109,2022-04-26 01:51:18+00:00,20) ML China COVID-19 update on April 26. https://t.co/Ff0uzIRrKX
110,2022-04-26 01:51:18+00:00,@Ninoskacs Tenes covid keiry.
111,2022-04-26 01:51:17+00:00,"AND, one of our clients was so grateful that we were able to accommodate them after their shoot was halted (bc of a Covid case) that she slipped me a $50 bill akakjsjdalf
I'm using it to buy donuts n coffee for everyone tomorrow"
112,2022-04-26 01:51:14+00:00,"Opinion :Pre covid stunning female news reporters who are single but ready to mingle had extra curricular activities
to pay their luxurious rented townhomes to all to make  end$ meet but now its all different ball game $. #StarvingforResources"
113,2022-04-26 01:51:14+00:00,"@TodayFM_nz @NZNationalParty @TovaOBrien @chrisluxonmp One thing I took away was that he wants us voters to allow National to be flexible with situational change, but Labour shouldn't get that luxury.
Also Christopher, covid isn't gone. Don't be so disrespectful to the people both with it out looking after those that are ill."
114,2022-04-26 01:51:13+00:00,"@DrKGregorevic My father had covid at 70yrs old ,diabetes, and no jabs. Had a mild cold/flu . 
Is anyone wondering why 3x jabb people in low risk category ending up severely effected by virus and even hospitalised and dying?"
115,2022-04-26 01:51:12+00:00,@ClaireHarpz Or in this case you dodged multiple COVID bullets unscathed
116,2022-04-26 01:51:12+00:00,"Testando, o novo Twitter do Alon Musk!
Azitromicina.
CLOROQUINA.
IVERMECTINA 
Prednisolona.
Vitamina C e D.
 AÃ­ como Ã© bom ser livre, com o dono anterior, eu tomei um gancho de 12 h,sÃ³ pq eu falei : jÃ¡ pensou se a vacina da poliomielite nÃ£o fosse 100% eficaz como a da Covid?"
117,2022-04-26 01:51:11+00:00,"Wonder how long before #elonbot bans me for being mean.

I donâ€™t care, I have the satisfaction of actually making something myself.  Hey, @elonmusk, you should consider donating to the artists wrecked by covid.  Lol, prolly end up with Tesla stock lmao.  How do I eat that?"
118,2022-04-26 01:51:10+00:00,"Kek 

â€œCOVID positiveâ€ https://t.co/fvCkCF8PYa"
119,2022-04-26 01:51:09+00:00,Ivermectin cures COVID.
120,2022-04-26 01:51:09+00:00,"Covid oggi Fvg, 1.188 contagi e 4 morti: bollettino 23 aprile https://t.co/zWFoox6adq"
121,2022-04-26 01:51:09+00:00,"@elonmusk Please bring back neutral and wise scientists who have been exposing design of pharmaceutical lobbies, that have been misleading the world on Covid-19 management. Let the Truth reign, more power to you!"
122,2022-04-26 01:51:08+00:00,@wearetheunion Itâ€™s crazy how one person can have this much money yet me and my husband are struggling to rent a venue for my baby shower bc everything is out of our budget and I didnâ€™t get to have one for my first daughter bc of COVID ğŸ¥²ğŸ˜
123,2022-04-26 01:51:08+00:00,"Woke up at 7+ am by the screaming downstairs, covid testing today, someone came into contact with a potential positive case on Sun evening, so extra testing for my compound, still not my turn yet  after 2+ hours and I've got a meeting in 10 mins #suchislife #shanghailockdown"
124,2022-04-26 01:51:08+00:00,"Four years ago today, I went to Hakone, a fresh green, with Thai business people.
There was no Covid-19,and peaceful at that time. https://t.co/gBN6Ws4Pus"
125,2022-04-26 01:51:06+00:00,Nem a covid me derrubou desse jeito
126,2022-04-26 01:51:06+00:00,"This. This isnâ€™t about big tech at the end of the day and private enterprise. 

Itâ€™s about inverted totalitarianism. 

Itâ€™s always been government censorship via proxy. Just like deputizing small business to enforce government Covid mandates of questionable legality. https://t.co/tVAznlR3L0"
127,2022-04-26 01:51:06+00:00,"School returns for ACT students but Public, Catholic and Independent systems opt for different COVID rules.

#COVID19ACT
https://t.co/OkdmPU9HIa"
128,2022-04-26 01:51:06+00:00,"@JeffreyEisele2 If you aren't aware that public safety measures, vaccines and mandates have actually been effective in limiting both the spread of covid and its harmful impacts in terms of death and serious illness, then you're simply not following the science. The evidence/research is clear."
129,2022-04-26 01:51:05+00:00,â€¦and I STILL havenâ€™t forgotten about how yâ€™all acted over that toilet tissue when COVID first hit.
130,2022-04-26 01:51:05+00:00,"While Global Markets Get Spooked by Covid and a Hawkish Fed, Stocks and Crypto Rebound After Musk Buys Twitter : https://t.co/FEAHklYk8F https://t.co/c13RClraxP"
131,2022-04-26 01:51:05+00:00,Lookin at my middle school bops oh my god wtf has covid done to me ğŸ˜­ğŸ˜­ğŸ˜­
132,2022-04-26 01:51:05+00:00,"@GigiSims10 The government DOESN'T buy his cars. At least not under the Biden administration. Liberals typically buy them! Why should they now?! He's their enemy!

He also doesn't care about climate change, b/c he didn't even believe in it OR COVID! A boycott would BANKRUPT Tesla in a week!"
133,2022-04-26 01:51:04+00:00,@gregkellyusa Covid vaccine in teens may be associated with  heart inflammation!
134,2022-04-26 01:51:04+00:00,Â¿Lo sabÃ­as? ğŸ˜±ğŸ¤” | Â¿CientÃ­ficos desarrollaron un test para detectar el covid-19 con telÃ©fonos inteligentes? Es verdadero. https://t.co/dGTmUb6P85
135,2022-04-26 01:51:03+00:00,Chinese Markets Tank as Investors Worry About Covid-19Â Lockdowns https://t.co/0IW2rJ4ADv
136,2022-04-26 01:51:03+00:00,"@JBoushka @denise_dewald Vaxxed or not, you have a 10-30% chance of Long COVID with each infection."
137,2022-04-26 01:51:02+00:00,"@GabiPizarro12 @sanjuanbendito Eso me dijo mi cuÃ±ada ayer por mÃ³vil que ingreso por covid, que menos mal que se ha vacunado...Tres veces mal con los pinchazos, le han sacado algo raro en el riÃ±on, le estan dando quimioterapias y ahora ingresada con fiebres altas en la uvi covid. Alucinante que no se den cuenta"
138,2022-04-26 01:51:01+00:00,"Pfizer aussi avec tout les milliards engrangÃ© par la covid auraient pu rÃ©gler la faim dans le monde

Ils l'ont pas fait
Et pourtant vous irez quand mÃªme chercher votre 4e dose

#ElonMuskTwitter"
139,2022-04-26 01:51:01+00:00,ä¿„ç½—æ–¯æ³¨å†Œäº†ç¬¬ä¸€ä¸ª Covid-19 ç–«è‹—ã€‚10 ä¸ªæœˆè¿‡å»äº†ï¼Œä¿„ç½—æ–¯çš„ç–«è‹—æ¥ç§ç‡æ˜¯ç–«è‹—å¹¿æ³›å¯ç”¨çš„å›½å®¶ä¸­æœ€ä½çš„å›½å®¶ä¹‹ä¸€ã€‚â€œå¦‚æœæˆ‘æœ‰é€‰æ‹©ï¼Œæˆ‘å®æ„¿æ¥ç§éä¿„ç½—æ–¯ç–«è‹—ï¼Œâ€Samyr Oynushev è¯´ã€‚ https://t.co/vDvowX3H8V
140,2022-04-26 01:50:58+00:00,"VÃ­tor Pereira com covid-19.
O presidente do Corinthians fez hoje uma conferÃªncia de imprensa/antevisÃ£o a este jogo que durou 1h.

O clube estava em blackout (geral e nas redes sociais)hÃ¡ alguns dias.
https://t.co/Ea1hs4VWPp https://t.co/t2dGcPJ7yF"
141,2022-04-26 01:50:57+00:00,"@PMGPSC @newscomauHQ COVID-19 case numbers from around the states and territories

34 DEAD SO FAR! ğŸ˜ŸğŸ˜· https://t.co/EcIm8kgvNo"
142,2022-04-26 01:50:57+00:00,@Austindmeyer @friesen_jaiden @KirkHerbstreit In what age group exactly is the risk 10x greater with Covid?  Maybe say that part too
143,2022-04-26 01:50:56+00:00,Candace Owens Concocts Alex Jones-Like COVID Conspiracy Theory https://t.co/gcV5YVXbXH via @YouTube
144,2022-04-26 01:50:54+00:00,@srnshkl iâ€™m the minority that havenâ€™t got covid yet FLEX
145,2022-04-26 01:50:53+00:00,"Personel Unit Lantas Polsek Srandakan melaksanakan pantauan / turlalin di Bundaran Srandakan agar pengguna jalan tertib dalam berlalu lintas serta himbauan tetap menerapkan prokes untuk memutus penyebaran covid 19, Selasa (26/4/2022) pagi https://t.co/TgTUSPPkWS"
146,2022-04-26 01:50:52+00:00,KD left Steph to team up with a COVID freedom fighter
147,2022-04-26 01:50:51+00:00,"@TrueNorthSOS Nili's deep DEEP into covid psychosis, she's unrecoverable, don't waste your energy."
148,2022-04-26 01:50:51+00:00,"If the COVID-19 did come from Fort Detrick, would the US government have to pay out money to other countries? It would bankrupt them.#COVID19#COVID-19#COVID#Omicron https://t.co/k0GpSytQhD"
149,2022-04-26 01:50:49+00:00,"@sebasfootball @OnefaOficial En 2021 Chapingo saliÃ³ con mucho esfuerzo, con la idea de competir y no suspender el equipo. Es meneste recordar la situaciÃ³n particular de esa Universidad, cuyos alumnos (y jugadores) son de todo el PaÃ­s y viven en Chapingo con servicios asistenciales, suspendidos por el COVID"
150,2022-04-26 01:50:49+00:00,COVID https://t.co/l0hYJFMBBP
151,2022-04-26 01:50:49+00:00,"@EricaMae33 Occurring here in the US as well. State COVID numbers increase yet universities continue to abolish their mask and jab mandates.

I monitor how COVID affects college athletics and in just the past 2 weeks over 40 NCAA events have been canceled or postponed due to COVID"
152,2022-04-26 01:50:48+00:00,"she takes covid fairly seriously, she understands my limitations, I've known her for years, once I kissed her in front of an ex boyfriend and he broke a table"
153,2022-04-26 01:50:48+00:00,Es leiden mehr Menschen unter Long-#Lauterbach als an Long-#Covid.
154,2022-04-26 01:50:48+00:00,@korb_heather Iâ€™m flying next week and any questions about my mask will get the following response: My husband died of Covid. Iâ€™m doing my best to make sure my kids donâ€™t become orphans.
155,2022-04-26 01:50:47+00:00,"à¸ªà¸–à¸²à¸™à¸à¸²à¸£à¸“à¹Œ COVID-19 à¹ƒà¸™à¸›à¸£à¸°à¹€à¸—à¸¨à¹„à¸—à¸¢
à¸§à¸±à¸™à¸—à¸µà¹ˆ 26 à¹€à¸¡à¸©à¸²à¸¢à¸™ 2565

#à¹‚à¸„à¸§à¸´à¸”19 #COVID19 #à¸ªà¸–à¸²à¸™à¸à¸²à¸£à¸“à¹Œà¹‚à¸„à¸§à¸´à¸”19 https://t.co/6ASbbR5hqE"
156,2022-04-26 01:50:47+00:00,Other than â€œCOVID is a hoaxâ€ Kinnard this is as close to perfection as it gets. https://t.co/pj3st1f3ZW
157,2022-04-26 01:50:46+00:00,"@kailaswild this is going to touch down like an antonov on fire ,like living with covid has to come ,like maybe in 2 years or so but to bring it on unprepared and making out its over is criminal maladministration ,"
158,2022-04-26 01:50:45+00:00,"Went to Portsmouth and quite possibly caught covid for the second time in my life to see @thevaccines on their latest tour. Read my review of it here ğŸ˜Œ:
(Spoiler: it was very, *very* good)

https://t.co/k1CWU5mfSf"
159,2022-04-26 01:50:45+00:00,"If the COVID-19 did come from Fort Detrick, would the US government have to pay out money to other countries? It would bankrupt them.#COVID19#COVID-19#COVID#Omicron https://t.co/3NedunjEPT"
160,2022-04-26 01:50:45+00:00,"Dollar ascends on my ex-wife COVID fears, Fed rate hike pace - Reuters https://t.co/fujFkQblUQ"
161,2022-04-26 01:50:44+00:00,@Goodchatbud Cora has covid.
162,2022-04-26 01:50:44+00:00,@semper_vincit Def1n1tly. COVID yields interesting results.
163,2022-04-26 01:50:44+00:00,The Kendriya Vidyalaya Sangathan introduces a new provision to allow admission to children orphaned due to Covid-19 pandemic in KVs over and above the class strength under PM CARES for Children Scheme. @timesofindia
164,2022-04-26 01:50:42+00:00,"ğŸ›‘ CUIDADO: ESTAFA VÃA MAIL ğŸ›‘
Si recibe un mail desde una cuenta &lt;Ministerio de Salud&gt;, seÃ±alando que fue seleccionado para recibir una dosis adicional de vacuna COVID-19
âŒ no lo abra ni pinche los accesos y tampoco descargue los archivos adjuntos, ya que se trata de una estafa https://t.co/rBmG3lPT61"
165,2022-04-26 01:50:42+00:00,"æ—¥æœ¬çš„ç–«è‹—æ¥ç§è¿åŠ¨å·²ç»ä»é©¬æ‹‰æ¾å˜æˆäº†å†²åˆºï¼Œå› ä¸ºè¯¥å›½åœ¨ä¸œäº¬å¥¥è¿ä¼šä¹‹å‰æ€¥äºä¿æŠ¤å…¶ 126,000,000 äººä¸­çš„å°½å¯èƒ½å¤šçš„äººå…å— Covid-19 çš„ä¾µå®³ã€‚ https://t.co/KHO0ZNsa0q"
166,2022-04-26 01:50:42+00:00,@Goodchatbud Assuming youâ€™re not being facetious lol - he tested positive for covid.
167,2022-04-26 01:50:42+00:00,"@suomisoviet Si,ya van a camuflajear la vacuna del covid diciendo que son para otras cosas.
Plan B."
168,2022-04-26 01:50:40+00:00,"https://t.co/Dcgj7QqFMf
#COVID19
#COVID-19
#COVID
#Omicron
Someone finally told the truth. This report tells us: COVID-19 comes from Fort Detrick."
169,2022-04-26 01:50:39+00:00,@eggsbenedict692 @Metalyger @SavvyTheBaker @CPR_Medico @morgan_sung You can still get COVID even if you're vaccinated.
170,2022-04-26 01:50:39+00:00,@cmsholdings @CL207 @KyleLDavies Cms never been the same since covid
171,2022-04-26 01:50:39+00:00,Covid Lockdowns Send My Ex-Wife's Economy Reeling as Outbreaks Spread - Bloomberg https://t.co/rxUdDW7dgl
172,2022-04-26 01:50:39+00:00,Liberamos Twitter zurdos culiaos Ajjajajaja viva la libertad de expresiÃ³n. Viva Trump! Kyle is free!Biden es un racista qlo y su hijo una basura. La elecciÃ³n fue robada!! El COVID fue creado por humanos en un laboratorio en la China comunista!! MÃ©tanse sus pronombres por la raja https://t.co/dBgQNgpAR7
173,2022-04-26 01:50:39+00:00,"probably Trump getting covid. i posted so hard, i caught a 12-hour ban! https://t.co/Rp5VpQKrHS"
174,2022-04-26 01:50:38+00:00,Travel to the UK during Covid-19: What you need to know before you go https://t.co/QFfJu89fXM via @CNNTravel
175,2022-04-26 01:50:37+00:00,"Covid-19: Masks back in Chhattisgarh, Karnataka; Tamil Nadu, KeralaÂ alert https://t.co/QshwB5A70a"
176,2022-04-26 01:50:35+00:00,"I have a 102 degree fever (not COVID, donâ€™t worry) and Iâ€™m like ooh I should start drafting a memoir!

I blame DayQuil, honestly #amwriting"
177,2022-04-26 01:50:34+00:00,"Vaksinasi Covid-19 Untuk Anak Udia 6-11 Tahun Dimulai di Tahun 2022

@polresmalang_polisiadem
@polresmalangnew
@dinkesmalangkab
@infomalangan
#PolresMalang
#KapolresMalang
#AKBPFerliHidayat
#vaksinasibooster
#mudikaman
#mudiksehat https://t.co/ieel39Cymk"
178,2022-04-26 01:50:34+00:00,"Crew hubs set up to facilitate  seafarersâ€™ movement amid COVID https://t.co/oHmmR3fqHb via @Malaya Business Insight 

#MalayaBusinessInsight
#MalayaOnline https://t.co/cXeW0v10h3"
179,2022-04-26 01:50:33+00:00,"Here are three important tips for investors, both established and new, to begin to make sense of and take part in the dawn of post-Covid real estate. https://t.co/SCXdRcfpQV https://t.co/pwxCyy7aif"
180,2022-04-26 01:50:33+00:00,"Democratic official threatens school closures, new mandates over COVID-19 booster numbers https://t.co/aiCSxbHuE0"
181,2022-04-26 01:50:33+00:00,"COVID-19 vaccine and autoimmunity. A new case of autoimmune hepatitis and review of the literature - ScienceDirect
https://t.co/iuR6dyeP7r"
182,2022-04-26 01:50:32+00:00,"Postmodern ""science.""  Depart from the disproven premise that COVID-19 vaccines are a barrier to infection and transmission, build a computer simulation to demonstrate the assumption, present your departing premise as conclusion. The regime press will do the rest."
183,2022-04-26 01:50:32+00:00,"@mhdksafa @sack_vegas I'm still wearing a mask in my apartment building when I leave my apartment.  Haven't gotten covid yet and am hoping to avoid it at all cost.  Some people say it's a nasty cold, some people say they felt like death, no way, avoiding it at all costs lol"
184,2022-04-26 01:50:32+00:00,@lipenlopes Vi ele fugindo de duas enfermeiras com a vacina do covid.
185,2022-04-26 01:50:31+00:00,"The media keeps trying to tell us the truth, is it any wonder that some want to call them fake news, for fear of what we might know?
https://t.co/J6G7fKVGnS via @livejournal 
#COVID19
#COVID-19
#COVID
#Omicron"
186,2022-04-26 01:50:31+00:00,It's a helluva lot of fun grappling with a long-term continually-developing condition the symptoms of which aren't much different from those of Covid.
187,2022-04-26 01:50:29+00:00,"@JessLedezma26 Nada de extraÃ±ar...hoy @LPacoSucre motivando la 4ta vacuna, ademÃ¡s de seguir afectando la salud de las personas es solicitar la tarjeta de vacunaciÃ³n Covid ğŸ‘€"
188,2022-04-26 01:50:29+00:00,"4-23-2022:  Chiyoda City, Japan:  A rare side effect of the Moderna and BioNTech/Pfizer COVID-19 vaccines is Epstein-Barr (human gammaherpesvirus 4) in Realm Duplodnaviria.  Actemra?
https://t.co/w4kTwAO5Np
https://t.co/3uD2vDlxfK
https://t.co/XUskX2X8et
https://t.co/hel2DcnyUJ"
189,2022-04-26 01:50:28+00:00,COVID-19 hospitalizations increase sharply in Maine - Portland Press Herald - Press Herald https://t.co/nG7qXW2zG5
190,2022-04-26 01:50:28+00:00,"@kprather88 @OSHA If up to date guidelines (in the context of the COVID Era) do not exist in the regulatory framework today, argue for the need for them to be established ASAP. Include what entities or investigative bodies should be the source of the science used to update any recommendations."
191,2022-04-26 01:50:28+00:00,"Top story: @FreeBeacon: 'Psaki says the Biden administration would support ""reforming Section 230, enacting anti-trust reforms,"" and ""requiring more transparency"" on social media in order to combat COVID-19 misinformatiâ€¦ https://t.co/t088wTvtea, see more https://t.co/lE16A4fSTq"
192,2022-04-26 01:50:26+00:00,"@bradleyphlsmith i actually had tickets for that exact show but ended up selling them during some covid peak. mad jealous, i know itâ€™s gonna kill!!!"
193,2022-04-26 01:50:26+00:00,"@NzFubar Covid is cover for implementation of the New World Order. 
Vaccines donâ€™t work.
The US election was rigged.
The French election was rigged.
The NZ election will be rigged."
194,2022-04-26 01:50:26+00:00,@MomOnAMission30 @DCDoc33 @angrybklynmom How do U know she was high risk? Even normal risk people whoâ€™ve been vaxxed &amp; boosted can end up seriously ill or w/long Covid. Vaccines reduce risk of severe illness &amp; death but donâ€™t take the risk down to 0. Some people are just unluckyâ€¦which is why masking is still important.
195,2022-04-26 01:50:26+00:00,@cartm25 @CBS2Boise Yeah because trickledown economics prevents covid like vintage urine https://t.co/DlbcRM9Luf
196,2022-04-26 01:50:25+00:00,"Doesn't the head of Fort Detrick need to come out and respond? If I remember correctly, this base is still closed right now.#COVID19
#COVID-19
#COVID
#Omicron
https://t.co/OWVsda87u7"
197,2022-04-26 01:50:25+00:00,ummm when can we say WHERE Covid came from??
198,2022-04-26 01:50:25+00:00,"ANYONE infected with covid has a higher risk of heart issues.  even the asymptomatic.

https://t.co/c7PhdAt90i"
199,2022-04-26 01:50:24+00:00,Hydroxychloroquine works against Covid-19 https://t.co/dYmHinz45q
200,2022-04-26 01:50:24+00:00,"Testemunho pessoal: tomei por causa da covid e meu corpo eliminou uma mancha (micose) na virilha. Fui em 4 dermatologistas,  gastei uma fortuna em remÃ©dios e ela sÃ³ aumentava.
Com ivermectina, meu organismo eliminou o problema. https://t.co/86KKjd0nWp"
201,2022-04-26 01:50:23+00:00,@SilencedFeather I believed much work are done to convince all elderly to take vaccines but it's their choice at the end of the day. Its dynamic Zero covid anyway. China handled lockdown much more effective than many countries
202,2022-04-26 01:50:23+00:00,@AmalaZolanski Steven Universe ending is what caused Covid
203,2022-04-26 01:50:23+00:00,éšç€é«˜åº¦ä¼ æŸ“æ€§çš„ä¸‰è§’æ´²å˜ç§åœ¨å…¨çƒè¿…é€Ÿè”“å»¶ï¼Œä¸–ç•Œå«ç”Ÿç»„ç»‡å‘¨äº”æ•¦ä¿ƒå®Œå…¨æ¥ç§ç–«è‹—çš„äººç»§ç»­æˆ´å£ç½©ã€ä¿æŒç¤¾äº¤è·ç¦»å¹¶é‡‡å–å…¶ä»– Covid-19 å¤§æµè¡Œå®‰å…¨æªæ–½ã€‚ https://t.co/y8uCDHgTeP
204,2022-04-26 01:50:22+00:00,Pasar Asia-Pasifik Beragam Dengan Fokus Pada Kekhawatiran Covid di China https://t.co/w1ayCGIScq
205,2022-04-26 01:50:22+00:00,Por quÃ© un mayor intervalo entre las vacunas contra el Covid-19 puede ser mÃ¡s eficaz https://t.co/OiY4eojksN
206,2022-04-26 01:50:22+00:00,Covid Vaccines kill people. Induce aids and blood clots and mycocardidus
207,2022-04-26 01:50:22+00:00,As substÃ¢ncias que chamam de â€œvacinaâ€ contra Covid matam. Deixa eu fazer um teste aqui
208,2022-04-26 01:50:21+00:00,eu te odeio covid
209,2022-04-26 01:50:21+00:00,@Goodchatbud Covid
210,2022-04-26 01:50:21+00:00,"@McKennaDeanFic Covid came back negative, I think it was food poisoning because how fast after dinner I started to feel sick. 30 minutes after dinner I was miserable. I'm feeling somewhat better since muscle cramps subsided. That alone makes it all better."
211,2022-04-26 01:50:20+00:00,"NEW ZEALAND
COVID-19
DASHBOARD
26-04-2022
========== https://t.co/U1VeHpNA6q"
212,2022-04-26 01:50:19+00:00,The covid vaccine and BLM stuff is really iffy depending on who youâ€™re talking to as well so
213,2022-04-26 01:50:19+00:00,"While I have not authenticated the document, this appears to be response to a Japan FOIA request. Request: Articles proving that New COVID is a pathogen. Reason for Non-disclosure: No administrative documents are in possession related to the disclosure request. https://t.co/4FEVYau5b6"
214,2022-04-26 01:50:18+00:00,Que estÃ¡ pasando en China en su lucha contra el Covid? https://t.co/pnTAprYkHU
215,2022-04-26 01:50:18+00:00,It's a safe rule. Does a piece written ostensibly by a specialist on the spread or effects of COVID contain some section on what do about it? Stop reading and move on. https://t.co/UXXm9khLpS
216,2022-04-26 01:50:17+00:00,"@tiggy00 @leighpowley @TimHoustonNS In Ontario, with the same problem, it's called health positions missing because of workers sick with covid."
217,2022-04-26 01:50:17+00:00,My Ex-Wife Loans to Africa Fell to 16-Year Low During Covid Pandemic - Bloomberg https://t.co/naMPEyE6eJ
218,2022-04-26 01:50:17+00:00,"Com mais duas mortes, Acre contabiliza 2 mil Ã³bitos pela Covid nesta segunda-feiraÂ (25) https://t.co/qB6MMwYJkG"
219,2022-04-26 01:50:17+00:00,It saved my life when I had COVID. My case progressed into pneumonia. Doctors refused to treat me. I started taking it on day 18 and started feeling better &amp; saw results after within 2 days!
220,2022-04-26 01:50:16+00:00,"The American virus is the truth.
#COVID19
#COVID-19
#COVID
#Omicron 
https://t.co/gDfymBK0GY"
221,2022-04-26 01:50:15+00:00,@digidigi497 En vrai les Nets on passÃ© une saison terrible entre blessure covid sans parler du trade dead line catastrophique
222,2022-04-26 01:50:15+00:00,"@I_am_Steele @DLMHBC @StephanieRade18 @marioarizabaez @wendy_dorian Thatâ€™s where you lost me. Unvaccinated are not dying. Look at the true data and not your emotional cuck bullshit liberal news. 90%+ are the only ones dying now, of omicron, less than a cold. I have never wore a mask, no vaccine, exposed to covid 100s of times. No covid"
223,2022-04-26 01:50:15+00:00,ğŸ’¥ La utilidad de la suplementaciÃ³n de Vitamina C en COVID-19 https://t.co/pxgyFNm7eg
224,2022-04-26 01:50:14+00:00,Puta el covid de mierda ojalÃ¡ se me pase antes de que saquen The Northman de cartelera ğŸ˜ª
225,2022-04-26 01:50:14+00:00,Asia-Pacific markets mixed with my ex-wife's Covid fears in focus as my ex-wife expands mass testing - CNBC https://t.co/D29NkAygHr
226,2022-04-26 01:50:14+00:00,"@snappity @Bud_T I will probably test again tomorrow, but I'm pretty sick with pretty classic Covid symptoms..."
227,2022-04-26 01:50:14+00:00,Bear in a China shop: Covid fear grips equity marketsÂ again https://t.co/I9jYMS1fgr
228,2022-04-26 01:50:12+00:00,"LA County COVID Numbers: Cases are Going Up, With Variant Accounting for Most https://t.co/alSh59e52m"
229,2022-04-26 01:50:09+00:00,"COVID-19 æ¤œæŸ»çµ±è¨ˆã€€æ±äº¬éƒ½é™½æ€§è€…ã€€
â‡’ https://t.co/jF22Ti7jnq #ã‚¢ãƒ¡ãƒ–ãƒ­ @ameba_officialã‚ˆã‚Š"
230,2022-04-26 01:50:09+00:00,"Tiffany Dover is dead, isn't she?  We witnessed a covid vaccination kill a heathy young woman on TV.  We were told that we didn't see what we saw and then we stood in a line to have our children vaccinated."
231,2022-04-26 01:50:08+00:00,@lauzkate1 @thoughtlarries Yaâ€¦ ğŸ˜•ğŸ™ˆ then some production/post-production issues too but mainly Covidâ€¦
232,2022-04-26 01:50:08+00:00,"@marcia_lemmon No, Iâ€™m only in GA a couple days a month. Iâ€™m mostly busy overseeing the editing process, which is remote due to covid. I edit on zoom with my editors &amp; watch filming on a live feed on my laptop. Technology = crazy. But it lets me work from anywhere, which is nice for our family"
233,2022-04-26 01:50:07+00:00,"#COVID19    #COVID  #Omicron  Doesn't the head of Fort Detrick need to come out and respond? If I remember correctly, this base is still closed right now.
https://t.co/7NYUqQGRnz"
234,2022-04-26 01:50:07+00:00,"FamÃ­lia, Ã© o seguinte: nÃ£o percam o tempo discutindo com esse pessoal que ainda tweeta fake news relacionadas Ã  Covid-19, denunciem!"
235,2022-04-26 01:50:06+00:00,"@DebLukovich @DebbiesStories He's also spread misinformation on COVID-19 on Twitter.

Get ready. It's about to be a free-for-all with hate speech, harassment, misinformation and whatever else."
236,2022-04-26 01:50:05+00:00,ğŸ“· My negative Covid-19 test..10mins ago.. Iâ€™m still playing tekkenâ€¦ I just want to push forth more awareness.. I know im unvaccinated but that donâ€™t make me super man you know.. Hit up a walgreens or a duane reade an grab a couple test an... https://t.co/M365FU5aR3
237,2022-04-26 01:50:04+00:00,How My Ex-Wifeâ€™s Response to COVID-19 Set the Stage for a Worldwide Wave of Censorship - The New Yorker https://t.co/7QrIJzeEJL
238,2022-04-26 01:50:04+00:00,"How accurate are COVID-19 rapid antigen tests, and when is the best time to use them? â€“ ABC News https://t.co/NCrvsrnFZu https://t.co/i0YbPydlDN"
239,2022-04-26 01:50:04+00:00,Covid was a hoax
240,2022-04-26 01:50:04+00:00,"@PMalinauskasMP People want to pretend Covid is over now masks are off but this is wishful thinking. Covid will be around for years to come. #maskmandate
#CovidIsNotOver
#COVID19
#health
https://t.co/2GlBmEyzFq"
241,2022-04-26 01:50:03+00:00,@TIME COVID is a hoax to promote a mass genocide vaccine. Stop the charade.
242,2022-04-26 01:50:01+00:00,"@SteveGilbertMLB @Dbacks Hi Steve, out of market fan here. The radio guys have been filling in all weekend and today. Steve and Bob still out? Covid related? Sorry if I missed some news."
243,2022-04-26 01:50:00+00:00,Cbse term 2 exam cancel please pleaseğŸ™ due to covid 19
244,2022-04-26 01:50:00+00:00,#TDF Salud continÃºa con la vacunaciÃ³n contra covid-19 y vacunas del calendario nacional. https://t.co/T53evlNOnC https://t.co/GXN2Gcw6V0
245,2022-04-26 01:50:00+00:00,"AdemÃ¡s de las vacaciones, el confinamiento por COVID-19 pudo haber alterado las rutinas de los niÃ±os en diferentes aspectos.

Es por ello, que aquÃ­ te dejamos algunos tips que pueden ayudarte para la adaptaciÃ³n a los horarios escolares.

Ver mÃ¡s ğŸ‘‰ğŸ‘‰ https://t.co/hxMVGhmXnO https://t.co/yIPvzk7B0b"
246,2022-04-26 01:50:00+00:00,"à¹€à¸£à¸µà¸¢à¸™à¸£à¸¹à¹‰à¹€à¸£à¸·à¹ˆà¸­à¸‡à¹‚à¸®à¸¡à¸ªà¸„à¸¹à¸¥ à¸œà¹ˆà¸²à¸™à¸¡à¸¸à¸¡à¸¡à¸­à¸‡à¸„à¸£à¸­à¸šà¸„à¸£à¸±à¸§à¸šà¹‰à¸²à¸™à¹€à¸£à¸µà¸¢à¸™ à¸«à¸™à¸¶à¹ˆà¸‡à¸—à¸²à¸‡à¹€à¸¥à¸·à¸­à¸à¸‚à¸­à¸‡à¸à¸²à¸£à¸¨à¸¶à¸à¸©à¸²à¹ƒà¸™à¸¢à¸¸à¸„ COVID-19

à¸­à¹ˆà¸²à¸™à¸£à¸²à¸¢à¸‡à¸²à¸™à¹€à¸•à¹‡à¸¡à¹„à¸”à¹‰à¸—à¸µà¹ˆ : https://t.co/AxYWgsgOe7 https://t.co/0a4SKqVnYC"
247,2022-04-26 01:50:00+00:00,"DEVELOPING: Premier Peter Malinauskas will address South Australians with the latest COVID-19 update, after making a decision on whether masks will be required in schools for term 2. Watch the press conference LIVE at 12pm on @Ch7Adelaide | https://t.co/8ftPfGgvkq #7NEWS https://t.co/kKBmkpyZrC"
248,2022-04-26 01:50:00+00:00,"El gobierno de Colombia anunciÃ³ que flexibilizarÃ¡ las medidas contra el Covid-19 a partir del 1 de mayo ğŸ”½
   https://t.co/EU6dlavTEZ"
249,2022-04-26 01:49:59+00:00,@ernestorr el sintoma mÃ¡s frecuente en la consulta tras COVID leve.
250,2022-04-26 01:49:59+00:00,@Byteme71311435 @CP24 That's not usually true. You can test Negative from COVID but still suffer the effects. It's this long COVID everyone is talking. Only a third of ICU cases are incidental.
251,2022-04-26 01:49:59+00:00,More people will survive Covid than die from Covid!
252,2022-04-26 01:49:58+00:00,"Mi hija gracias a Dios estÃ¡ muy bien muy fuerte de salud, incluso se repuso rÃ¡pida% al covid pero Ã©so es hoy.
"" Dra. CTM "" Inepta lo pasamos muy mal , mi mujer cayÃ³ en depresiÃ³n y fue muy difÃ­cil sacarle de Ã©se estado , bueno hasta que fuimos x otro examen en otro centro mÃ©dico."
253,2022-04-26 01:49:57+00:00,@michaeljknowles People have died from the covid 19 vaccinations.
254,2022-04-26 01:49:57+00:00,Whatâ€™s storyline from the writerâ€™s  pimp? Kyrie was fired for his Covid defiance? https://t.co/daQEyMHMvM
255,2022-04-26 01:49:56+00:00,White House: Without funding US will lose COVID treatments https://t.co/U8HYwrvAol
256,2022-04-26 01:49:56+00:00,"This report is so comprehensive, I should show it to my friends!https://t.co/r18Yzb6UJ1
#COVID19
#COVID
#Omicron"
257,2022-04-26 01:49:56+00:00,Bitter cause I missed my Covid testing date so I couldnâ€™t be in this ğŸ˜­ https://t.co/QpnXUlV6RR
258,2022-04-26 01:49:55+00:00,@SarahBelle_RN My friend that had covid had a post viral rash like that
259,2022-04-26 01:49:55+00:00,@StormyAdlerPoG @averydmerrick @Animated_Antic Not really b/c of COVID its self tho more from delays from COVID having a long term effect.
260,2022-04-26 01:49:53+00:00,"@centralreality Ã‰ trampo reunir todos.
Tem a parte do teste do COVID e isolamento em hotel, etc...
Fora os cachÃªs ğŸ’°ğŸ’°ğŸ’°
Tudo isso pra render nada.
O conteÃºdo dessa galera jÃ¡ sabemos, entÃ£o Zera isso.ğŸ˜Š"
261,2022-04-26 01:49:53+00:00,Yo @ericadamsfornyc you need to bark on the nets for tryna call you out about the Covid rule now look them fools got sweep ğŸ§¹ can't believe this smh ğŸ¤¦ğŸ¾â€â™‚ï¸
262,2022-04-26 01:49:52+00:00,"@matsionoah @AntonyGreenElec Yes. With the change in the name our google rankings went down. That is my main area of expertise and what I did as a business until 2 years ago. Unfortunately, with the campaign and effects of Covid I don't have the capacity to dig into this and make suggestions. Not enough time"
263,2022-04-26 01:49:51+00:00,"...in a hallway, they were worried about him being on risk to catch Covid???? At 12.30am they finally got him into a room at the emergency room for the night. I ask you @adriandix as our health minister: how is that acceptable for you?????"
264,2022-04-26 01:49:50+00:00,Beyond AirÂ® Presents Positive Safety and Efficacy Data for Inhaled Nitric Oxide to Treat COVID-19 at ECCMID 2022 $XAIR https://t.co/q3urFuSk6T
265,2022-04-26 01:49:50+00:00,@ShootersShoot88 @lavern_spicer @Cowpie_Detector check it out Tomâ€™s trying his luck in covid now ğŸ˜‚
266,2022-04-26 01:49:50+00:00,"That late-night to early-morning window after Trump announced he had COVID.

There was such an indefinable electricity surging through the timeline where everyone was posting and was on the same page. 

There will never be a moment like that on this site again. https://t.co/x9OUl5m3HB"
267,2022-04-26 01:49:49+00:00,"@Randall87454048 @AlboMP Australia COVID-19 case numbers from around the states and territories

34 DEAD SO FAR! ğŸ˜ŸğŸ˜· https://t.co/EcIm8kgvNo"
268,2022-04-26 01:49:48+00:00,7 Day US Covid Confirmed Cases by County  For VA   2022-04-22:  Latest Covid Insights by Our Analytics Team using USAFacts #datavisualization #datascience #analytics #healthtech #data #covid19 #publichealth #covid #globalhealth #RStats https://t.co/H8keHSI0Lj
269,2022-04-26 01:49:47+00:00,Beijing begins 3-day Covid-19 mass testing of 3.5 million people as Shanghai report 51Â deaths https://t.co/APgEEXll1p
270,2022-04-26 01:49:47+00:00,"I love how they say we havenâ€™t had to pay our student loans since Joe Bidenâ€¦ 1st itâ€™s because of covid then quarantine, now he has a â€œnew payback methodâ€â€¦ they still show on my credit sooooo. What has he really done? Get with it Joeeee"
271,2022-04-26 01:49:47+00:00,@default2rebel @ReviewsChronic @ChrisLebenMMA @Justin_Gibbons @MyMMANews Not if your a fan of the dudeâ€¦heâ€™s experienced what Covid can do to him so hopefully he gets vaccinated if he hasnâ€™t already
272,2022-04-26 01:49:46+00:00,"à¸„à¸¸à¸¡à¹€à¸‚à¹‰à¸¡ à¸¡à¸²à¸•à¸£à¸à¸²à¸£ Zero Covid à¸ªà¹ˆà¸‡à¸­à¸­à¸ à¸œà¸¥à¹„à¸¡à¹‰à¹„à¸—à¸¢ à¸—à¸±à¹‰à¸‡à¸£à¸°à¸šà¸š
#thebangkokisight https://t.co/soHNFOyZyw"
273,2022-04-26 01:49:46+00:00,@koosouju We lost the summer was for Covid we gotta connect and cry
274,2022-04-26 01:49:45+00:00,"@DrEricDing @JohnsHopkins Tingling in feet/ sometimes part of legs.  Numerous blood tests, EMG and neurologist.  Nothing.  I was asked numerous questions about my Covid in January though.  Wonder if they are gathering data?"
275,2022-04-26 01:49:44+00:00,Dashboard ini adalah sistem yang membantu pengguna fasilitas untuk memantauÂ  proses pengajuan Rekomendasi BNPB yang menjadi syarat pengajuan impor alkes untuk penanganan Covid-19.
276,2022-04-26 01:49:42+00:00,"COVID-19 cases to jump 100% by May 7, plus 2 more forecasts
https://t.co/vNL2HOYYy9"
277,2022-04-26 01:49:41+00:00,"@kgiselav Bueno, la noticia no tenÃ­a nada que ver con mascarilla..

En China, esta de nuevo el covid  haciendo cagadas..
Ya no se sabe si habrÃ¡ variantes.. ğŸ˜”ğŸ˜”
.

Entre chinos y rusos  nos llevarÃ¡ puta.ğŸ˜­ğŸ˜­ğŸ˜­"
278,2022-04-26 01:49:41+00:00,"@HectorRossete @july77be Les informo que en reuniÃ³n con amigos cardiÃ³logos me orientaron a no inyectarme una vacuna del COVID mÃ¡s, por las secuelas cardiolÃ³gicas que produce no lo puedo confirmar pero quienes eso me comentaron son cardiÃ³logos certificados. Se los Informo."
279,2022-04-26 01:49:41+00:00,Take your child to work day is this Thursday. Yes or No to bringing kids into the office while COVID is still around?
280,2022-04-26 01:49:40+00:00,markets: Chinaâ€™s commitment to a Covid-zero strategy has put a dent in Shanghaiâ€™s ambitions to edge out other Asian financial hubs https://t.co/qmEIhDgRMp
281,2022-04-26 01:49:39+00:00,The Charter didnâ€™t stop Canadaâ€™s Covid slide towards tyranny | True North https://t.co/rv0Jl86A44
282,2022-04-26 01:49:39+00:00,"Fort Detrick is authoritatively recognized as the birthplace of COVID-19. Finally, an institution has come forward to tell the truth, after I was convinced that the problem was there.#COVID19 #COVID-19 #COVID #Omicron  https://t.co/1RH1HEyEly"
283,2022-04-26 01:49:37+00:00,"@dont_countonit Oh, Iâ€™m already on phenerghan ğŸ˜… problem is with painsomia (especially since covid), itâ€™s the getting to sleep bit thatâ€™s the problem, not necessarily staying asleep if that makes sense?"
284,2022-04-26 01:49:37+00:00,"@ZeroFOX33 The vaccines supposedly protect from being hospitalized and dying from covid, they are that good, but they wonâ€™t protect you if you â€œmixâ€ with an unvaccinated person. Comical. F*cking comical."
285,2022-04-26 01:49:36+00:00,"@KarenGrew @Sally5150 @DocJeffD True, but given that China has had *every* mitigation measure so... ""A community cannot rely on *any* mitigation measure and expect to have zero Covid cases."""
286,2022-04-26 01:49:35+00:00,"Covid oggi Emilia, 3.403 contagi e 8 morti: bollettino 25Â aprile https://t.co/3hpGk3yxOI"
287,2022-04-26 01:49:34+00:00,"Depois que peguei covid parece que minha respiraÃ§Ã£o nunca mais voltou ser a mesma, principalmente a noite. As vezes eu respiro e meio que sai um chiado"
288,2022-04-26 01:49:34+00:00,Rudy gobert also known as the guy who started covid in the NBA haha
289,2022-04-26 01:49:33+00:00,"@circlekcan why is your store at 6780 Kingston Rd, Scarborough, ON 
selling Covid rapid test?"
290,2022-04-26 01:49:33+00:00,@vic_iewan Depuis le Covid le foot meurt
291,2022-04-26 01:49:33+00:00,"ğŸŸ   Falsa alarma: sin Covid, Corinthians va con lo mejor que tiene contra Boca por la Libertadores https://t.co/a1y6itfJJh #noticias"
292,2022-04-26 01:49:32+00:00,"Bolehkah Suntik Vaksin Covid-19 saat Puasa?
https://t.co/wl9g0Q4pYp"
293,2022-04-26 01:49:32+00:00,Primer reporte semanal: la provincia de Santa Fe informÃ³ 28 muertes y 412 casos de Covid https://t.co/sbIVui0G4j
294,2022-04-26 01:49:32+00:00,@michaeljknowles Ivermectin and hydroxychloroquine are two covid crushers and Fauci is a fraud.
295,2022-04-26 01:49:32+00:00,"Ever Given blocks the Suez or the day Trump got Covid. Take your pick, nothing else comes close. https://t.co/46TWODQ6ro"
296,2022-04-26 01:49:32+00:00,"@MiniShubz Anyone can say that it was a testing after all. No vaccine before covid vax was put forward in a span of 6-18 months. Should have been common knowledge of it being tested on the audience. 

We can't use hindsight now. It's saved millions of lives worldwide."
297,2022-04-26 01:49:31+00:00,@Fredsincerin NÃ£o tinha um negÃ³cio que os jogadores do cortinas estavam com COVID/gripe?
298,2022-04-26 01:49:31+00:00,"@jblair247 @nixonrunning 8 years ICU... now a realtor and loving it. Thankful and honored to have the RN experience. Working covid ICU changed me. S/o to the techs, they are the backbone and deserve so much more."
299,2022-04-26 01:49:31+00:00,"Bolehkah Suntik Vaksin Covid-19 saat Puasa?
https://t.co/eE47t7luhS"
300,2022-04-26 01:49:30+00:00,"@garrettelliott @downtownktown â¤ï¸ 9 yo &amp; I have been COVID+ housebound since Easter (first in person family dinner in 2 yrs &amp; BOOM ğŸ’¥ worst weâ€™ve ever felt dbl vaxâ€™d &amp; me triple, N95â€™s etc) heâ€™s been able to eat ok, Iâ€™ve managed 1 toast each dayâ€¦this just made my tummy rumble for my weekly dragon noodles ğŸ˜‹"
301,2022-04-26 01:49:30+00:00,Teste: O vÃ­rus da COVID-19 veio da China.
302,2022-04-26 01:49:30+00:00,"@flashed12 @1OregonPatriot Covid,zika,dengue,Yellow fever and more."
303,2022-04-26 01:49:29+00:00,@ebruenig The night Trumpâ€™s COVID diagnosis was announced
304,2022-04-26 01:49:28+00:00,the covid 19-pandemic was going on while jim carrey was flossing dressed as dr. robotnik
305,2022-04-26 01:49:28+00:00,@Krusty_M_D Me resultan interesantes tus comentarios NO Covid.
306,2022-04-26 01:49:28+00:00,"@Axel_oz788 @365DayResist @jk_rowling No, itâ€™s not. Asian people didnâ€™t oppress people with COVID. Is that really what you think??"
307,2022-04-26 01:49:28+00:00,@crismartinj Terrible una dictadura.. Que el gobierno va a ejercer en cada persona.. Y peor aÃºn con el prÃ³ximo covid. EstarÃ¡ peor la cosa ğŸ˜³ğŸ¤ğŸ˜”
308,2022-04-26 01:49:27+00:00,@alfredoboi777 Covid canâ€™t reach you cause youâ€™re a ghost and soon to be phantom ğŸ‘»
309,2022-04-26 01:49:26+00:00,@eyejammy905 To much drama with the Covid smh they coulda done more
310,2022-04-26 01:49:25+00:00,Four Seasons Landscaping is up there but Trump getting COVID has to be number 1 https://t.co/ndPO2Qg77t
311,2022-04-26 01:49:25+00:00,@RelicRinging you have covid :(
312,2022-04-26 01:49:24+00:00,"Minha irmÃ£ me chamou de ""fora de moda"" por ter pego covid sÃ³ agora.

Pode isso?"
313,2022-04-26 01:49:24+00:00,Natural immunity provides strong protection from Covid reinfection... National Post https://t.co/BydaoreVzH
314,2022-04-26 01:49:23+00:00,"@OffGuardian0 Your silence on the draconian ""Covid"" policies of the so-called ""Resistance Axis"" - which lasted well into 2021 (you've still never acknowledged the policies of Bolivia &amp; Venezuela btw) - will forever be a stain on your record."
315,2022-04-26 01:49:23+00:00,Te interesa ğŸ‘‰ | Â¿CÃ³mo funciona IATos?: el sistema capaz de analizar audios de WhatsApp para detectar casos de covid-19. https://t.co/BkQjNZAuDA
316,2022-04-26 01:49:22+00:00,I caught covid pray for me
317,2022-04-26 01:49:22+00:00,"@ImSpeaking13 I'm a tiny presence here but I'm staying; it's hands down the best place to get accurate info about just about anything, but Covid too - a necessity when you have to navigate the pandemic immunocompromised. Plus it's become a critical support group for me and my #pwME peeps."
318,2022-04-26 01:49:22+00:00,"Local COVID-19 case update as of 5pm on Mon, 4/25/22:
- La Plata County: 12,886 (+1)
- Archuleta County: 2,909 
- La Plata County deaths among cases: 82
- Archuleta County deaths among cases: 16
View more info on the data dashboard ğŸ‘‰https://t.co/7QPHbNyBRy https://t.co/ndbQ0C7PYK"
319,2022-04-26 01:49:21+00:00,How hospitals should approach quality improvement in post-Covid-19 world https://t.co/lMRbOOj8lg
320,2022-04-26 01:49:20+00:00,@wziminer @DCDoc33 And some people are so disabled with long Covid (which itself is not really rare) that theyâ€™re not able to live a normal life. Some sufferers with long Covid have therefore killed themselves. Repeated infections may continue to further damage the immune system.
321,2022-04-26 01:49:20+00:00,"@tarahaelle Yes because 3/4 household members are high-risk (cancer survivors/asthma/elderly/v-fib), so even vaxed COVID may leave my child orphaned if it blows through our house. (In ON, but CDC masking recs politicized to the point of being useless.)"
322,2022-04-26 01:49:20+00:00,@423POKER @whadoyaknow @DrJamesOlsson And even that died â€œwithâ€ not â€œofâ€ Covid
323,2022-04-26 01:49:19+00:00,Oh it was definitely the day Trump got COVID. So much hope. So much joy. So many jokes. https://t.co/Y6xmJzVbCS
324,2022-04-26 01:49:19+00:00,"@ivymark @eduardoasunsolo @jeromeChappelle When masks weren't considered for every viral outbreak before, and masks have no effect on covid death rate, a thinking mind would question wtf? But of course brainless would believe everything told without question."
325,2022-04-26 01:49:19+00:00,Democrats without the words â€˜Trumpâ€™ and â€˜COVIDâ€™ donâ€™t know what to do: Kellyanne Conway https://t.co/92UjDaIBAF https://t.co/0njkrllFdr #Trump #TrumpNews
326,2022-04-26 01:49:19+00:00,"Huhuu..podemos falar que a Ivermectina Ã© eficaz contra covid! Huhuuuu.. Busquem pesquisas...!
Bolsonaro denovo tem razÃ£o! 
Viva a Ivermectina !"
327,2022-04-26 01:49:19+00:00,"ğŸŒğŸŒğŸŒ #PaÃ­ses c/ + #Casos de #Covid19 (408.872 novos) - 25/04
ğŸ‡©ğŸ‡ª  86.980 Alemanhaâš ï¸
ğŸ‡ºğŸ‡²  62.147 EUAâš ï¸
ğŸ‡¯ğŸ‡µ  38.450 JapÃ£o
ğŸ‡°ğŸ‡·  34.370 Coreia do Sul
ğŸ‡¦ğŸ‡º  30.088 AustrÃ¡lia
ğŸ‡®ğŸ‡¹  24.878 ItÃ¡lia
ğŸ‡¨ğŸ‡³  20.194 China
ğŸ‡¹ğŸ‡­  14.994 TailÃ¢ndia
ğŸ‡«ğŸ‡·  13.984 FranÃ§a
ğŸ‡¬ğŸ‡·  8.413 GrÃ©cia 
RT Coronavirus COVID-19"
328,2022-04-26 01:49:18+00:00,@supperslovakia @PerfectlyShots Me emerging from after Iâ€™m done w this covid shit fbsbssmnska
329,2022-04-26 01:49:18+00:00,"iâ€™m so fkn bad at school. going back at 35 to get an engineering degree sucks so hard. between ptsd/tbi, covid, shitty teachers, shitty study habits, and a bunch of other external stressors iâ€™m feeling like such a goddamn failure. iâ€™ll finish it but holy shit i just wanna scream"
330,2022-04-26 01:49:18+00:00,@bochadelagente No pero vienen y me saludan como antes del covid. Quede antisocial jajjaaja
331,2022-04-26 01:49:17+00:00,The government introduced a new provision to allow admission in Kendriya Vidyalayas to children orphaned due to Covid-19 pandemic over and above the class strength under PM CARES for Children Scheme.
332,2022-04-26 01:49:16+00:00,@alaskatravelgrm @AlaskaAir @CivilBeat @pdobbyn1975 Good. Safer for everyone. Especially since there is no longer a mask mandate for travel per @AladkaAir 's POLICY decision. I have to fly to the Mayo Clinic in Rochester for treatment from Alaska in June and I'm honestly terrified. I get COVID I can't go to Mayo. Or get home after
333,2022-04-26 01:49:15+00:00,OjalÃ¡ Thybulle se muera de covid. La concha de su madre va a seguir viendo esto
334,2022-04-26 01:49:15+00:00,"Letter to the editor: Autoimmune hepatitis after COVIDâ€19 vaccination: Need for populationâ€based epidemiological study - Suzuki - 2022 - Hepatology - Wiley Online Library
https://t.co/JbB47f3Kyb"
335,2022-04-26 01:49:14+00:00,"@economicright @krebiozen @exohalophiles @wulf32 @amesie58 @Blundell223 @Steve29764 @disclosetv And, yet again, my decisions wonâ€™t affect you. Iâ€™ve had Covid. I have robust antibodies, and Iâ€™m 5125 miles away from you. Iâ€™m pretty sure my â€œignoranceâ€ wonâ€™t be affecting you any time soon. https://t.co/IFbyLWxyEP"
336,2022-04-26 01:49:14+00:00,"@lorrain80092486 @DeanMacDonaldNL Whenever there's a new Covid death someone inevitably assumes ""They must have pre-existing conditions"". By then its too late to make that assumption. When you board a flight, or go anywhere, you should assume someone there might have a pre-existing condition."
337,2022-04-26 01:49:14+00:00,"Covid-19 Diagnostics Market Size, Share &amp; Impact Analysis Report over the Forecast year byÂ 2029 https://t.co/boYTGwA0qn"
338,2022-04-26 01:49:13+00:00,"TESTANDOOOOO ğŸ¤£ğŸ¤£
Kit covid"
339,2022-04-26 01:49:12+00:00,"@AlisaValdesRod1 @Dakota_150 @be_latina I'm a previous postviral, now long covid, person too!

Are you familiar with @BhupeshPrusty's work?

He's a scientist researching viruses, with a theory that post viral illness happens when cells get infected by multiple viruses and they influence each other"
340,2022-04-26 01:49:12+00:00,@catoffchoo Get that covid skinny weight too lol
341,2022-04-26 01:49:11+00:00,"Janice idc if you have Covid , reply to me now before I lose my shit ğŸ¤ª"
342,2022-04-26 01:49:10+00:00,En todo este tiempo de pandemia nunca tuve covid y me va a venir a destruir la gripe a LPM!!!!!!
343,2022-04-26 01:49:08+00:00,"@WNYT The unvaxxed in my work place are holding it down for the vaxxed people who have contracted COVID despite boosters, etc. I will take my chances with natural immunity. I test weekly as is required by the job (begrudgingly) and yet...THEY are the ones getting sick."
344,2022-04-26 01:49:07+00:00,"Covid-19: 6380 new community cases, 16 in ICU and four further deaths https://t.co/Gusz3JVHOG"
345,2022-04-26 01:49:06+00:00,"desde sexta eu tÃ´ sentindo mt falta de ar, passei mal no role e tive q ir p acolimento porq o ar parecia q nÃ£o descia sabe, e ainda tÃ´ assim, vem e volta, mas nÃ£o tÃ£o forte igual sexta, serÃ¡ q Ã© sequela do covid?"
346,2022-04-26 01:49:06+00:00,@HeyNowTrucker @TheRealKeean I made an argument that Florida is better at covid?
347,2022-04-26 01:49:05+00:00,Maybe he feel so overwhelmed with his emotions that time. Imagine you're so excited to bond with your fans and then all of a sudden your papii is positive from covid ğŸ˜­ https://t.co/zQrOEhEAhk
348,2022-04-26 01:49:05+00:00,Covidï¼šéšç€ä¸‰è§’æ´²ç–«æƒ…çš„åŠ å‰§ï¼Œæ¾³å¤§åˆ©äºšå»¶é•¿äº†æ‚‰å°¼çš„å°é”æœŸé™ https://t.co/Bdg6LI1oMF
349,2022-04-26 01:49:04+00:00,"@TravyFootball10 @bkives Yep! when we left our own rooms yes, and yes windows open. Its spring, despite the snow. I sleep with my window open and a fan even without covid in the house."
350,2022-04-26 01:49:04+00:00,"For anyone who had Covid and lost their sense of taste, can you tell me what that was like? Iâ€™m lowkey concerned"
351,2022-04-26 01:49:04+00:00,@dinnerwithjulie Yikes! We have a few in our fam - itâ€™s unnerving. Is it COVID or a cold?
352,2022-04-26 01:49:01+00:00,"Care about kids you will vote all democrat school board members out, if you care about crime rates you will vote out all democrat local officials, if you care about government overreach with Covid and future illnesses you will vote out democrat state leaders, andâ€¦"
353,2022-04-26 01:49:01+00:00,can the people around me stop getting covid so i can have a life lmao
354,2022-04-26 01:49:00+00:00,Convalescent plasma in hopes of getting a possible pathway or solution to coming up with some kind of treatment to help people with covid-19. So not only did that verbal idea that I submitted get hijacked and taken over by Dr Anthony fauci and his colleagues..... It also
355,2022-04-26 01:48:59+00:00,"So now that we don't have to worry about getting banned from Twitter, do you believe Joe Biden would have won the election if we didn't have the COVID pandemic?"
356,2022-04-26 01:48:59+00:00,Exclusive interview with former Pakistani Ambassador to China on China's dynamic zero-out policy is the best choice in the current fight against COVID-19. https://t.co/cePEhI8Q3P
357,2022-04-26 01:48:59+00:00,"TambÃ©m,  tomei Ivermectina. E mandei Covid pra China. https://t.co/xEC1G2tgGe"
358,2022-04-26 01:48:58+00:00,"@shahanSean Whether you do or don't is up to you, but I developed a strong opinion of him while observing his early Covid shenanigans that would increase pandemic deaths while he claimed to be a hero.  Before that, I thought him just a rich ass; afterward, it was clear he was deadly."
359,2022-04-26 01:48:58+00:00,"@maiconsulivanbr Picada contra Covid, mata."
360,2022-04-26 01:48:58+00:00,White House: Without funding US will lose COVID treatments (from @AP) https://t.co/lgTmX69LbX
361,2022-04-26 01:48:57+00:00,@DCDoc33 These COVID Naziâ€™s wonâ€™t stop!
362,2022-04-26 01:48:57+00:00,"@Aliadote Las Chivas que le ganaron 2-0 al LeÃ³n con MacÃ­as y Beltran estaban volando, quinto lugar a nada de un ClÃ¡sico Nacional, luego la suerte de que medio plantel se infectara de COVID las primeras fechas, que injusticia."
363,2022-04-26 01:48:56+00:00,"@lizziedaniels @annatime94 @nswteachers @9NewsSyd COVID-19 case numbers from around the states and territories

34 DEAD SO FAR! ğŸ˜ŸğŸ˜· https://t.co/EcIm8kgvNo"
364,2022-04-26 01:48:54+00:00,"https://t.co/GIiIUwW4JP 
https://t.co/Tk426vAQWL 
1,018,572 have died from 
#COVID in the USA.
#SpanishFlu killed 675,000 Americans. It's 
the DEADLIEST pandemic in human history. #Unite2FightCorona
#GetVaxxedNow 
#GetBoostedNow 
#WearAMask 
#N95
#SocialDistancing
#FreeCOVIDtests https://t.co/XKFKiWc0WP https://t.co/A6l3yWa4df"
365,2022-04-26 01:48:51+00:00,@chrisvanderveen Should you be crying about Covid numbers? ğŸ˜·
366,2022-04-26 01:48:49+00:00,hostia creo que lleve mejor la regla cuando tuve covid que ahora...es que NO para
367,2022-04-26 01:48:49+00:00,"@EA @PlayApex terrible management running the LAN. Two or 3 years to prepare to bring this back, and no alternatives for people who have COVID or any sort of sickness at all. Ridiculous"
368,2022-04-26 01:48:48+00:00,@jonbecker COVID breaks all Wordle streaks. Even the home ones.
369,2022-04-26 01:48:48+00:00,@cnnbrk Itâ€™s not about Covid itâ€™s about the safety and welfare of Americans. Illegals bring into our country crime and drugs. Terrorist sneak into our country.
370,2022-04-26 01:48:47+00:00,@lottevanhalen ooohh thanks for the encouragementğŸ˜¢I wish I could have a small trip after my semester but with the covid..im not really sure whether I can have oneğŸ˜­I'll try my best! ğŸ˜—ğŸ˜—
371,2022-04-26 01:48:46+00:00,"#COVID#COVID19#COVID-19#OmicronSince the release of the ""investigation  Report onCOVID-19Transmissionâ€of the milk teaAllianceï¼Œtherelevant reports have banned by the United States  for manytimesï¼Œwhich is sufficient to prove that the"
372,2022-04-26 01:48:46+00:00,"The madness of vaccinating children against Covid, by a senior doctor - The Conservative Woman https://t.co/zsoHnqezIT"
373,2022-04-26 01:48:46+00:00,Chinaâ€™s Beijing expands COVID-19 mass testing to most ofÂ city https://t.co/z7FxK07p9Q
374,2022-04-26 01:48:45+00:00,So I feel sick after 2 years of not catching anything definitely because I went to txs . I hope it isnâ€™t covid
375,2022-04-26 01:48:43+00:00,This is devastating while the rest of the world are slowly opening themselves and trying to live with covid. https://t.co/dXD2m967jn
376,2022-04-26 01:48:43+00:00,"While Global Markets Get Spooked by Covid and a Hawkish Fed, Stocks and Crypto Rebound After Musk BuysÂ Twitter https://t.co/2Ptm64O6B8"
377,2022-04-26 01:48:42+00:00,Omicron BA.2 Variant Pressures Parts of U.S. - Well it look likes Covid is back in the news ğŸ¤¦â€â™‚ï¸ https://t.co/REh5DK6dC9
378,2022-04-26 01:48:42+00:00,"@alanfryermedia Politics aside, inflation in CAD &amp; US is a direct result of poor policy and an overreaction to Covid-19. Inflation was alive and well before the war in Ukraine. Putin only further exacerbated the issue."
379,2022-04-26 01:48:41+00:00,"Sony is showing a montage of blockbusters films from last year and how they survived covid

 #TheBigScreenisBack #cinemacon #MoviegoingExperience #cinemancon2022 #sonypictures"
380,2022-04-26 01:48:41+00:00,@comradarjun I cannot. Not sure if it has to do with Covid though.
381,2022-04-26 01:48:40+00:00,A dog can smell the rotting food from a person with covid and cancer â™‹
382,2022-04-26 01:48:40+00:00,"@NannyStateAus1 @Hplc23 Do you understand how a death certificate works?

There's the ""immediate cause"" the ""underlying cause"" and the chain of events leading ro death.

Commorbidities aren't the reason you die. In fact covid can cause commorbidities."
383,2022-04-26 01:48:39+00:00,oh i rly wish i could go back in time and reschedule covid. i need to see shadow live
384,2022-04-26 01:48:38+00:00,"My view of Twitter has 01 to do with musk

You have the power to curate your own feed. My current feed, and it does fluctuate, is highly zeroed in on Covid and docs, immunologists, airflow engineers, etc.

I've made a list ""COVID"" &amp; also follow #COVIDisAirborne &amp; #CovidIsNotOver"
385,2022-04-26 01:48:38+00:00,@BconnectedJ @sundog723 @WCSmith50952576 @garygreno @CommentPleasure @EviemaRee777 @PhilipPower13 @BeColorblind @FemmeVoilet @Forsolace @teamphil @EXPOSECORRUPT11 @Julie_NoNumbers @8BrianVogel4 @belvethesurviv @David4677484957 @HoundTheLibs @ever_texas4 @notasoreloser @Tom_Neverwinter @Paul4dogs @BrightAndHollow @itisjustmebabe @PogueMoran @marvin_hill123 @isthats75228187 @rhsibley @nikkillavender @comp1120 @Marc62300483 @IanB_67 @AngryFleas @CanYouHearMeN15 @TheWreckingBal5 @canyon_free @Billenjoylife @LadyB01427871 @FamousSheymus1 @LadyBB85125431 @Hirdman @FD03955088 @Birdseye1 @Fueldog3 @Dave92442188 @sandraclunie @goodtroubless @spiralwrap @NumbersMean @ChrisMc47547598 @JoeBiden Covid started in the US March 2020.  You said we lost it in 2019.  Trump was also president inâ€¦.2020.
386,2022-04-26 01:48:38+00:00,"Ho 38.5 di febbre, penso proprio di avere il covid pd"
387,2022-04-26 01:48:37+00:00,"@ClintVSmith Lol no, it's not mostly covid staff. Even if it was, you muppet, wouldn't that ""staff"" have been better off being medical staff, not paid for liars (oppps, meant ardern's experts)? ğŸ¤£ğŸ¤£ğŸ¤£"
388,2022-04-26 01:48:37+00:00,"@DHFWKA issues new guidelines. 
In view of increasing COVID cases order is being issued as per the recommendations of State Covid-19 Technical Advisory Committee.
@cmofKarnataka @mla_sudhakar 
@IChangeMyCity @PIBBengaluru @KarnatakaVarthe https://t.co/2f5d3VPnTS"
389,2022-04-26 01:48:36+00:00,"I've gotten so much rest the last week. Granted it's cuz I had COVID, but that's the only way my overworking ass was ever gonna actually rest. Now I'm back to being stressed about money and bills. *sighs in capitalism*"
390,2022-04-26 01:48:35+00:00,"@tarahaelle Yes.

Covid isn't over."
391,2022-04-26 01:48:35+00:00,"Dr. Eddy Bettermann MD:
MIND GAMES: War in Ukraine designed to distract people away from COVID 'plandemic' and vaccine deaths .. https://t.co/CQb7WfgCTs https://t.co/H61AasdYDl"
392,2022-04-26 01:48:35+00:00,@DrPanMD Covid-19 is one of the most deadly viruses in human history and it kills almost 100% of all children in the United States.
393,2022-04-26 01:48:34+00:00,@DaveSharma hows your investments into Australian  covid manufacturers??
394,2022-04-26 01:48:34+00:00,@Jubal_Harshaw_ @Guy_Middleton @dogvoyages You keep changing the goal posts. We are talking about DNA. I assume when you talk â€œthe spike protienâ€ you are talking about Cov S2. Neither Covid protiens nor HIV contain DNA. Many viruses will share common characteristics because they all need to attach to cells in similar ways
395,2022-04-26 01:48:34+00:00,"@Hedase1 I just had a COVID-19 test done.
The results were fine.
I'm sure with some rest and some meds I'll be fine."
396,2022-04-26 01:48:33+00:00,"Fort Detrick is authoritatively recognized as the birthplace of COVID-19. Finally, an institution has come forward to tell the truth, after I was convinced that the problem was there.#COVID19 #COVID-19 #COVID #Omicron  https://t.co/C5dpSL1v6y"
397,2022-04-26 01:48:32+00:00,"#COVID19
#COVID-19
#COVID
#Omicron 
Fort Detrick is the birthplace of COVID-19 and the US military brought the virus around the world ...... That's a lot like a bioweapon attack mode!
https://t.co/7zSxNtFcBr"
398,2022-04-26 01:48:32+00:00,@shutuplauraa I remember looking at that a while back. Youâ€™d think two years after COVID theyâ€™d have figured out Zoom.
399,2022-04-26 01:48:31+00:00,@HennyHardaway96 They shouldâ€™ve never let Covid be a thing* that doesnâ€™t happen then Kyrie is playing meaning Harfat doesnâ€™t leave meaning easy ğŸ†
400,2022-04-26 01:48:30+00:00,ğŸ’¥ La utilidad de la suplementaciÃ³n de Vitamina C en COVID-19 https://t.co/bx9v4DLUch
401,2022-04-26 01:48:29+00:00,"Covid-19 update: 6380 community cases, 508 hospitalisations, four more deaths https://t.co/pNzFuW7l1t https://t.co/AbcLK6581S"
402,2022-04-26 01:48:29+00:00,"Anak sekolah generasi covid, tapi udah jadi sok jagoan."
403,2022-04-26 01:48:29+00:00,@mcps McKnight's 5 Point Plan was a 5 Point Bamboozle:  BOE President Wolff Swears in Affidavit that COVID-19 Operations Advisory Team is NOT part of Board of Education Strategic Plan https://t.co/hUsTYHOyGg
404,2022-04-26 01:48:28+00:00,"Hot Topics à¸§à¸±à¸™à¸™à¸µà¹‰

1.à¸™à¹‰à¸³à¸¡à¸±à¸™à¸”à¸´à¸šà¸›à¸£à¸±à¸šà¸•à¸±à¸§à¸¥à¸‡à¹à¸£à¸‡ WTI à¸¥à¸”à¸¥à¸‡à¸•à¹ˆà¸³à¸à¸§à¹ˆà¸² US$100.00 à¹€à¸›à¹‡à¸™à¸šà¸§à¸à¸•à¹ˆà¸­à¸«à¸¸à¹‰à¸™à¸•à¸±à¸§à¹ƒà¸”?

2.Update à¸ªà¸–à¸²à¸™à¸à¸²à¸£à¸“à¹Œ COVID à¹ƒà¸™à¸ˆà¸µà¸™

3.à¸•à¸´à¸”à¸•à¸²à¸¡à¸•à¸±à¸§à¹€à¸¥à¸‚à¸ªà¹ˆà¸‡à¸­à¸­à¸à¹„à¸—à¸¢ à¹€à¸”à¸·à¸­à¸™ à¸¡à¸µ.à¸„. à¸„à¸²à¸” +3.6% YoY

#YuantaResearch"
405,2022-04-26 01:48:28+00:00,@camilocnn Hola Camilo le puedes preguntar al Doctor Elmer Huertas su ya le dio COVID
406,2022-04-26 01:48:28+00:00,"@webdevMason He thought COVID would be over in 2 weeks and buys into the â€œconservatives are being silencedâ€ narrative, so I donâ€™t think this is his lane."
407,2022-04-26 01:48:26+00:00,"So, are we allowed to speak the truth now?
the vaccine isn't safe or effective. The COVID-19 ""pandemic"" was engineered."
408,2022-04-26 01:48:26+00:00,"Fort Detrick is authoritatively recognized as the birthplace of COVID-19. Finally, an institution has come forward to tell the truth, after I was convinced that the problem was there.
https://t.co/J6G7fKVGnS via @livejournal 
#COVID19
#COVID-19
#COVID
#Omicron"
409,2022-04-26 01:48:24+00:00,"@Arygriaa @sseraphini Covid-19, espaÃ±ol y Excel... BÃ¡sicamente."
410,2022-04-26 01:48:24+00:00,@JoaquinTeixeira NÃ£o tomei nenhuma dose dessa porcaria e nÃ£o peguei covid
411,2022-04-26 01:48:23+00:00,"@agaplo198470 En esa Ã©poca la inflaciÃ³n alcanzaba casi 100% y se requirieron otras medidas extraordinarias para cortar la espiral inflacionaria. Las circunstancias hoy son muy diferentes, la inflaciÃ³n hoy es un tema global. Controlar precios es como querer detener el Covid con un â€œdetenteâ€."
412,2022-04-26 01:48:22+00:00,So...now that Musk owns Twitter... is COVID over yet or? What about Ukraine?
413,2022-04-26 01:48:21+00:00,@PKashwan @SLHDC That's worrying but it did increase sharply in the last two years. Looks like covid-related polarization.
414,2022-04-26 01:48:21+00:00,I felt bad for not contributing much and not having written my section yet for the group report thats due in a few hours but I guess no one else has either??? I have covid literally what is their excuse
415,2022-04-26 01:48:21+00:00,à¸à¸£à¸°à¸—à¸£à¸§à¸‡à¹€à¸à¸©à¸•à¸£à¸¯ à¸œà¸™à¸¶à¸à¸à¸³à¸¥à¸±à¸‡à¸—à¸¸à¸à¸ à¸²à¸„à¸ªà¹ˆà¸§à¸™ à¸„à¸¸à¸¡à¹€à¸‚à¹‰à¸¡à¸¡à¸²à¸•à¸£à¸à¸²à¸£ Zero Covid à¸œà¸¥à¹„à¸¡à¹‰à¹„à¸—à¸¢à¸—à¸±à¹‰à¸‡à¸£à¸°à¸šà¸š https://t.co/ZIB7Ni6RoX #à¸à¸£à¸°à¸—à¸£à¸§à¸‡à¹€à¸à¸©à¸•à¸£à¹à¸¥à¸°à¸ªà¸«à¸à¸£à¸“à¹Œ
416,2022-04-26 01:48:19+00:00,Now that covid is largely /done/ I want them on music shows like they used to
417,2022-04-26 01:48:19+00:00,"As more countries ease their mask mandates, the top official overseeing Japanâ€™s COVID-19 response has suggested that the government could recommend a phased relaxation of mask-wearing. https://t.co/2CgoMTFnP0"
418,2022-04-26 01:48:18+00:00,"Is there anything more embarrassing than a lie being exposed? The birthplace of the COVID-19 is in Fort Detrick, and they have banned people from talking about it until now.  #COVID19ã€#COVID-19ã€#COVIDã€#Omicron https://t.co/rm7YMJzL0B"
419,2022-04-26 01:48:17+00:00,"@DFisman find that mingling between vaccinated and unvaccinated people increases infection risk of the former. Unvaccinated people, however, were still at greatest risk of contracting COVID-19. https://t.co/6rajk1TkhK"
420,2022-04-26 01:48:17+00:00,@nchuyax2 smhğŸ˜’ i already had covid once im not going TWICE
421,2022-04-26 01:48:17+00:00,@punishedhoover you were the one who gave him covid
422,2022-04-26 01:48:16+00:00,En MedellÃ­n buscan 400 voluntarios para probar una nueva vacuna contra la covid-19 https://t.co/kqc3jCu6JA
423,2022-04-26 01:48:15+00:00,Covid-19ï¼šåœ¨å­ŸåŠ æ‹‰å›½ä¸¥æ ¼å°é”ä¹‹å‰ï¼Œäººç¾¤é€ƒç¦»è¾¾å¡ https://t.co/GjYNuRvC7y
424,2022-04-26 01:48:14+00:00,"A5 #timetowine My Online tastings are a mix of sensoric training, learning, fun and sociability. Especially during Covid it was like ""Sociability instead of Isolation"". And as token of appreciation they were highly demanded as corporate events."
425,2022-04-26 01:48:13+00:00,@hoonlouvre Why is the covid that bad in PH
426,2022-04-26 01:48:13+00:00,"@CathyGraphics3 Facebook for friends and authors
I have IG but rarely use it. Ooh
Twitter for politics. Covid and health issues. 
.."
427,2022-04-26 01:48:12+00:00,@ineedlw 2 semanas porque me dio covid y me la pasaba durmiendo :(((
428,2022-04-26 01:48:12+00:00,"Borsa: Tokyo, apertura in rialzo (+0,59%). Attesa stagione trimestrali, timori contagi Covid in Cina #ANSA https://t.co/HAf00Dxtvp"
429,2022-04-26 01:48:12+00:00,@_Alexa_Bee Maybe when Covid is over we could all get together. Iâ€™ve never had guests cuz of Covid Iâ€™d love that
430,2022-04-26 01:48:12+00:00,"@canammissing Parag canâ€™t ban us anymore. 

Joe Biden was not elected and is a fraudulent president. 

The COVID vaccine does not work. 

See?"
431,2022-04-26 01:48:12+00:00,"New COVID-19 Cases at 80,361, Deaths Fall to 82 l KBSÂ WORLD https://t.co/Bh3yzvObjW"
432,2022-04-26 01:48:11+00:00,"@colintoffelmire Well, I think you would see the occasional post about Covid or Ukraine, but yeah there wouldn't be much."
433,2022-04-26 01:48:10+00:00,"@FaisalBasri @medcom_id trm ksh Pak. ini strong leadership RI menggalang komitmen global mengatasi dampak covid dlm bentuk pelebaran defisit yg berujung kpd peningkatan utang di berbagai negara.kondisi utang RI msh aman n manageable n on track dlm tren konsolidasi fiskal ke 3% PDB di 2023
#yuklebihbijak"
434,2022-04-26 01:48:10+00:00,"â€œAlso a million children of color have died of Covidâ€ â€”Sonia, ğŸ¤¥lying Latinx ğŸ˜‚ https://t.co/gRkmpoRxkK"
435,2022-04-26 01:48:08+00:00,"@ChrisEgginton Indeed. Like listening to the gov pretending concern over covid deaths, I get a sorry for your loss and what jobs have you applied for because you aren't working enough hours."
436,2022-04-26 01:48:08+00:00,"@nb_covid_info So sweet, but still ğŸ¤¢"
437,2022-04-26 01:48:06+00:00,@timreeder14 @korb_heather Thereâ€™s some evidence that a small percentage of people wonâ€™t ever get Covid even when exposed while others will get it more than once. Iâ€™ve already had Covid though Iâ€™m vaxed and do NOT want it again. It was awful. You might be one of the small percentage.
438,2022-04-26 01:48:06+00:00,"Cegah Penyebaran Covid-19, Personel Ditsamapta Polda Banten Rutin Bagi-Bagi Masker Gratis https://t.co/wJvoRyVbui"
439,2022-04-26 01:48:06+00:00,"Kegiatan berjalan dengan tertib, aman, dan lancar sesuai dengan Protokol Kesehatan Covid-19, SOP Penelitian &amp; Penilaian,serta SOP Penerimaan dan SOP Pengeluaran Basan Baran"
440,2022-04-26 01:48:06+00:00,"While Global Markets Get Spooked by Covid and a Hawkish Fed, Stocks and Crypto Rebound After Musk Buys Twitter : https://t.co/FEAHklYk8F https://t.co/DCk6GHTk0b"
441,2022-04-26 01:48:05+00:00,"@ToshiAkima @drkerrynphelps Australia COVID-19 case numbers from around the states and territories

34 DEAD SO FAR! ğŸ˜ŸğŸ˜· https://t.co/EcIm8kgvNo"
442,2022-04-26 01:48:05+00:00,@seraffph @nutonhaface @oyea_itscrystal @i_am_Taye @jermiab_ Yes. Covid and the flu are both diseases. Nice job officer fvckface u really connected the dots on that one
443,2022-04-26 01:48:05+00:00,Another round of covid tests https://t.co/uoe7sBKSC3
444,2022-04-26 01:48:04+00:00,"Entre la 3 Pfizer y la 4 Moderna, la mÃ¡s cabrona fue Pfizer. No se si tuve suerte, pero la vacuna Moderna no me matÃ³ como la Pfizer vacuna qla de mierda. QuizÃ¡s no me afecto por que me dio covid el mes pasado, who knows, pero no le tengan miedo, cada cuerpo reacciona distinto. ğŸ¤·ğŸ»â€â™€ï¸"
445,2022-04-26 01:48:04+00:00,"Testando
Menino veste azul e menina veste rosa
As vacinas nÃ£o protegem do vÃ­rus chinÃªs, chamado de COVID 19.
SÃ³ teste"
446,2022-04-26 01:48:03+00:00,"There was like a 4 hr window late one night when so many of us thought 45 got bodied by COVID, that sweet spot before the sanctimony and the ""well, actually's"", that I don't think I'll ever see again.

Also a big fan of ""Dec. 21"" (real ones know.) https://t.co/5DBzy5LgCR"
447,2022-04-26 01:48:03+00:00,@tetevko acho q ele emagreceu por causa do covid
448,2022-04-26 01:48:03+00:00,"@Ken3063 @ChiefChris46 @crystal_quade At the beginning of COVID, they had a few issues. They arenâ€™t Chinese, but people assumed. Fortunately, her Dad is a bit of a badass &amp; shuts that stuff right down."
449,2022-04-26 01:48:03+00:00,@RealSkipBayless Iâ€™d call in sick. Say you got Covid
